0,-5.097810797707421
1,1.8919832104428655
2,10.614607040618427
3,-10.142837918306462
4,-10.269405674901813
5,20.66874101809126
6,-0.7185009273160379
7,10.080102248529148
8,17.497836856842042
9,13.334247923262495
10,-0.18626870993911737
11,0.9340931671231587
12,8.671716594981845
13,4.829871715626746
14,9.802743573690497
15,6.779219204710663
16,14.801858623949379
17,-2.8180081689510668
18,7.45654597385133
19,24.450935767942234
20,22.826472512252472
21,38.09356345678783
22,18.232324217365083
23,24.43082171678543
24,35.4283029265426
25,20.72285389073976
26,40.778368087021434
27,34.066984331569515
28,37.181052280362124
29,40.145173573493956
30,36.952756966365826
31,47.5843520897555
32,55.58533279846522
33,61.34402765196343
34,60.18200160422186
35,61.843747564890016
36,66.15046029357678
37,72.98219732664803
38,65.04766503424545
39,72.56901827920761
40,76.61298813603223
41,69.36012715188325
42,74.85494475299691
43,68.05369468387437
44,72.14805561118573
45,79.02752797236317
46,77.1461314672795
47,77.0835995877655
48,79.29309567212405
49,77.92492349906152
50,73.08163495833946
51,75.52807655334473
52,79.77232372941108
53,83.95635426999779
54,80.2898891646015
55,81.01760945398509
56,78.38074521304532
57,82.9268711886031
58,83.71542979977887
59,84.42562575565243
60,79.24748699560112
61,86.97251864446085
62,89.16580392447698
63,85.50939928689102
64,85.10747236133172
65,86.89259650059203
66,87.81509013371462
67,87.94388103464873
68,85.58129225227457
69,86.97716871419226
70,85.42836318807744
71,89.6518150283776
72,86.87201405013802
73,84.26928480221832
74,85.85768941057971
75,87.70683698482424
76,88.04185792782623
77,86.48810884248051
78,89.15064685356158
79,88.51959538951203
80,90.42412502916973
81,89.01028828988619
82,91.01896799190234
83,89.10896851593452
84,90.07407458252732
85,86.35269193455458
86,88.33358230724066
87,89.53089468621442
88,89.16689271958434
89,90.87283027723119
90,89.87802908002661
91,89.2347079798406
92,91.57606642370104
93,91.10982843230403
94,91.39632952367565
95,91.9105953450216
96,91.42147558547786
97,91.21588867957735
98,91.00476724813126
99,93.48169018515482
100,92.70849571661729
101,90.92973292548211
102,91.50010559529659
103,91.91411630057938
104,92.88740204209728
105,90.85948927930887
106,91.85777817322409
107,92.04441462485757
108,91.49441907049508
109,93.05753223888624
110,92.47391469110667
111,91.1734103524589
112,92.58293009987297
113,91.9426503701068
114,91.99622803777847
115,92.3261124891167
116,93.13353825815729
117,92.96648952450055
118,93.52709825772389
119,91.25501186934599
120,92.35911270751234
121,91.88061510524258
122,91.73388295472924
123,92.49071638345718
124,92.9806615777114
125,93.44551834424472
126,93.38750216336076
127,93.83674804678319
128,93.04716333071778
129,92.85465535563156
130,93.44815394073112
131,93.03824515244091
132,92.19422972649417
133,93.34205083633694
134,93.27644132808157
135,93.48202156410235
136,93.15565689460176
137,93.71650444187493
138,92.96176979365268
139,92.23448038155074
140,93.49344701181089
141,92.30942712930592
142,92.92416432068609
143,92.61214927431045
144,93.57858206869389
145,92.65217230393273
146,93.79919880677699
147,92.29983132471928
148,94.30058699879676
149,92.62415483860258
150,94.01508278764294
151,92.85544445490623
152,93.14135527330288
153,92.75096398178243
154,93.19726570156679
155,93.98171583577543
156,93.38759519217477
157,93.05789027165736
158,93.95018350848575
159,93.26625726302464
160,93.50130701054438
161,93.78144768455499
162,93.64054545855024
163,93.60750430141661
164,93.20641138371984
165,94.1643249969799
166,93.5908496932085
167,93.31440068650849
168,93.98593752107554
169,94.23196136560044
170,93.81242597102845
171,93.5011706534453
172,93.78738569065818
173,93.36601879054712
174,94.43487401435404
175,93.94482570600184
176,93.82449218411524
177,94.14636692334516
178,93.45214398741722
179,93.69889077361157
180,93.45039846828057
181,93.30455370950202
182,94.10243159965793
183,94.23483012804618
184,93.86622810318028
185,94.20814835276845
186,93.60728403209824
187,94.19467901605873
188,93.7988898491737
189,92.85636874712904
190,93.43391152098935
191,92.0719389400551
192,93.37079228486138
193,94.03079062227175
194,94.05240241436049
195,94.2534478548479
196,94.15221738768155
197,93.54283476185654
198,93.9473263739498
199,94.4333630079053
200,94.1386611695645
201,94.38585725200899
202,94.05249182272873
203,94.03370096244272
204,93.1072345745909
205,93.97868758818754
206,93.02676887512577
207,93.93486606011024
208,93.6456683693202
209,93.62087661772124
210,93.46891849499727
211,93.1639670085992
212,93.63925943619684
213,93.90966215359707
214,94.02335034784632
215,93.60354549755039
216,93.56931206974362
217,94.04499960816568
218,93.56350113457353
219,94.169677768601
220,93.13046950975483
221,94.5314518962439
222,93.9747756727597
223,94.03824167583569
224,94.0806792799861
225,94.04901860833434
226,94.2387122068198
227,94.20251128198925
228,94.38858423910035
229,94.32034426990467
230,94.21440935042529
231,94.20128133350117
232,93.87844428980938
233,94.32007796520669
234,93.94940149205642
235,93.84669250052515
236,93.77560699673107
237,93.73590726873704
238,94.06879219407841
239,93.99330731811094
240,94.29670548366624
241,93.90696418918924
242,94.10515408283959
243,94.19661562429555
244,94.23110038687808
245,94.59689150938715
246,94.31003603197823
247,94.54450759278102
248,94.72911687718157
249,94.58328816036514
250,94.74408464640749
251,94.2238046605358
252,94.68286003904511
253,94.35924087892465
254,94.48874953484214
255,94.2754607895752
256,94.79055463443527
257,94.47202375969135
258,94.30960400649856
259,93.37138987133181
260,93.82426949988819
261,93.77206787705217
262,94.15179043103804
263,93.61811112194393
264,94.51057207121373
265,94.30035664967414
266,94.33593434585636
267,94.25788073419862
268,94.0397280539874
269,94.12628421565051
270,93.81118657014652
271,94.54242579481588
272,93.99281127525003
273,93.91604600315668
274,93.52626807267437
275,94.21908144505078
276,94.40242032320772
277,94.52400158357769
278,94.27924817743714
279,94.15870525807084
280,94.33227377195294
281,94.42634819882063
282,94.8757216467809
283,94.6271718384483
284,94.68809086636472
285,94.64670314998378
286,94.51421798665608
287,93.82210396098407
288,94.66252999384244
289,93.87528832835572
290,94.7247804084793
291,94.18491293863478
292,94.5180451144052
293,94.76343849218587
294,94.58942627161169
295,94.61882602797898
296,94.16514980261101
297,94.59527321646092
298,94.84536258706108
299,94.26689678823877
300,94.65625680965314
301,94.90019406550229
302,93.94303752679092
303,94.698967477996
304,94.55759960408056
305,94.806369451421
306,94.60400967323746
307,94.60496684389298
308,94.39523040349826
309,94.7088491898012
310,94.82238910001756
311,94.78560057105817
312,94.49953423768821
313,94.57974485149296
314,94.50141794207414
315,94.5655880906101
316,94.4106281127047
317,94.71486297488212
318,94.72689432258457
319,94.74094829201698
320,94.54664476947869
321,94.59659716086385
322,94.1068126395109
323,94.3174001534787
324,94.39104504205649
325,94.40082364619697
326,94.29287333488361
327,94.59374925138725
328,94.45277340463431
329,94.15144976078507
330,94.34550946024375
331,94.69896552844239
332,94.7120074088593
333,94.57436057685699
334,94.67707081777674
335,94.99974735415053
336,94.56535966974181
337,94.50429131227287
338,94.84724505419058
339,95.00170256947708
340,94.93626639283431
341,94.48909474433172
342,95.03687470079076
343,94.71814583287481
344,94.9394595854245
345,94.65083381076461
346,93.39949349019588
347,93.91958002531777
348,94.11641997800548
349,94.1754294974004
350,94.59062603855214
351,93.76371478181365
352,94.16694480910479
353,94.88411962081584
354,94.96978407396739
355,94.8547017354673
356,94.95990371784268
357,95.04974402119853
358,94.66339808761813
359,94.99312191112516
360,95.00985101927147
361,93.41958943699127
362,94.50108422065124
363,95.08584577316175
364,95.03342047078732
365,95.03205519181799
366,94.91752128145188
367,94.42604834423568
368,95.01217416226093
369,95.34581765877931
370,95.00293309301333
371,94.92198298187785
372,94.51001760383986
373,94.30235040571439
374,94.47878035105191
375,94.39248741924047
376,94.20881895330474
377,94.36131432224707
378,94.89535261318886
379,94.88210494367787
380,94.70261503078093
381,94.96528496480414
382,95.15184516346862
383,94.54469567110432
384,94.3146926350413
385,94.63978840010718
386,94.89776152141158
387,94.96544177254073
388,94.65720798008188
389,94.94099991389868
390,95.11308568894358
391,95.14771985661952
392,95.15614488971718
393,95.1013456738286
394,95.26558623796036
395,94.95513490849024
396,95.01822472828154
397,95.2564904768671
398,95.08012151313132
399,95.10099903611969
400,95.20921179737559
401,95.06231718543167
402,95.09638144611517
403,94.81119203862373
404,95.04185775908107
405,95.3062631735277
406,95.37149534484404
407,95.09934269029836
408,94.91104242084717
409,95.0572608042573
410,95.0166756041358
411,95.04327354229784
412,95.04174650002214
413,95.20592649130595
414,95.20824794719721
415,95.18696617476172
416,95.31135405057537
417,95.00514292952695
418,94.92014919434921
419,94.59906534372311
420,94.78206916885081
421,94.87443212824125
422,94.94416510498408
423,95.11176218849312
424,94.64895230486317
425,94.91899291873109
426,94.89318334809886
427,94.48130185899522
428,94.77868118366732
429,94.96679203460396
430,94.82596843679744
431,95.1818919375599
432,95.15960877833722
433,95.22680020077239
434,95.0599646912224
435,95.15609142176156
436,95.11764751951242
437,95.12421759543638
438,94.6779135650625
439,95.04584710216527
440,95.24413816505255
441,94.9782404088974
442,94.96114299619691
443,94.991825443299
444,94.9991291964054
445,95.04050190068442
446,94.8483593829518
447,94.83762581825364
448,94.5820162624438
449,94.78400577327228
450,94.84157805819942
451,94.96795305625106
452,94.88238054969679
453,94.80312735208548
454,94.83041677742155
455,94.33957858547748
456,94.87305521502249
457,94.91587733370748
458,94.69115006732322
459,95.02851884966836
460,94.71376002461622
461,94.66046438587288
462,94.83068126738071
463,94.9103742937689
464,94.68464235760108
465,95.01677499495845
466,95.11997353537294
467,94.92224443091658
468,95.01338413983096
469,94.92252271462834
470,95.04649137243679
471,94.88514372069324
472,94.95157494369852
473,94.84556966031394
474,94.89312031461483
475,95.00511861701861
476,95.10741226133639
477,94.92474167417927
478,94.96822550429965
479,95.08186364319823
480,94.91414305645266
481,94.91946849148538
482,95.17540912335606
483,94.57861417189731
484,94.92922135606038
485,94.97382591637523
486,95.23173930357912
487,94.97118977770798
488,95.24792197176423
489,95.10394880347732
490,95.08493541414255
491,95.08501636867673
492,94.94088513814478
493,94.99316419545376
494,94.83711959954705
495,94.58358396968313
496,94.80246791080617
497,94.82977298384786
498,94.95235014474079
499,95.04567698143346
500,95.3246388309205
501,95.13835235120942
502,94.53466761561319
503,95.15716424828844
504,95.08969152442508
505,95.04282325462778
506,94.73920085647255
507,94.99136311426098
508,94.92518154189891
509,95.04655625335388
510,95.04557248937502
511,95.25289967741652
512,95.04265673277641
513,95.08522962351076
514,95.23500728048768
515,95.05804243319236
516,95.05028318744101
517,94.90905971249617
518,95.01417857094675
519,95.04976545706197
520,95.02346323729748
521,95.25677049382527
522,95.06779809757145
523,95.24321424789368
524,95.33311618146662
525,95.28363024107726
526,95.56999381678169
527,95.2625571027772
528,94.50613277512531
529,95.17162155529351
530,95.27973249291139
531,94.63878696819847
532,94.98715328801363
533,94.61755067317821
534,95.39566875417383
535,95.16242746744564
536,95.26305085159119
537,95.18770570851609
538,95.30975643272468
539,95.15389266809365
540,95.17995093838374
541,95.2408138051068
542,95.26365834169663
543,94.63097927069681
544,95.12582631047019
545,95.09883267692793
546,95.09269178449829
547,95.24597219315115
548,94.97842348478103
549,95.18144641034816
550,95.15188160134772
551,95.16812262198071
552,94.96905237432628
553,95.30372814107002
554,95.29611825325163
555,95.12281095727495
556,95.22870147665992
557,95.14678601363558
558,95.21770070860346
559,95.1050890712485
560,95.07544562969373
561,94.95843750596488
562,95.1220018372416
563,94.86043561771841
564,95.24853897890026
565,95.04186555210595
566,94.99921818807618
567,94.91862278551898
568,95.38519803094864
569,95.20069934072157
570,95.2618197631427
571,95.36614259812717
572,95.31364058338234
573,95.22870525615562
574,95.21589519040704
575,95.46820462111046
576,95.24299420888198
577,95.26467779639593
578,95.19654689662542
579,95.33820378181294
580,95.07461642110911
581,95.21096217391946
582,95.01290129522734
583,95.223822089015
584,95.41825069139604
585,95.33314082255073
586,95.41152018475131
587,95.12021877516652
588,95.14155795792739
589,95.02476835846252
590,95.1831296797445
591,94.63505636999368
592,95.2126477335853
593,95.20327222240924
594,95.2335974383991
595,95.23367669882093
596,95.16359136596733
597,95.02147439716701
598,95.19139072204106
599,95.01412849068781
600,95.12853334020855
601,95.0835843637976
602,95.3122330318556
603,95.14526307921224
604,95.01929645230645
605,94.92069280601004
606,95.1077009899018
607,95.04267039565661
608,95.11024504182278
609,95.12626361391301
610,95.01979443833854
611,95.1679338163864
612,95.04275708441843
613,94.96772542493058
614,94.84628688031083
615,94.95317850246886
616,95.05551186916428
617,95.1577151430793
618,95.36886412976175
619,95.14728825807572
620,95.21880495749433
621,94.96876238640637
622,94.9049287953269
623,95.16281321901465
624,95.10982739809043
625,95.12763522642086
626,95.35310524933574
627,95.1319273931314
628,95.12989430030818
629,95.50866469646941
630,95.35852207370749
631,95.38553688421479
632,95.2070929413144
633,95.16037582251452
634,94.98340105673243
635,95.40181991078761
636,95.42763268513632
637,95.53891908137909
638,95.34387492660257
639,95.5101640158042
640,95.50203358630229
641,95.51014995395622
642,95.35570335977425
643,95.11049891565128
644,95.28699344452829
645,95.11845712088596
646,95.07571119657446
647,95.07423703833052
648,95.03417061299292
649,95.28068822942213
650,95.30338578279327
651,95.55207233582198
652,95.41563132771431
653,95.32237257688578
654,95.21003876550162
655,95.39039925618304
656,94.92874295976553
657,95.23736153292103
658,94.89260969592496
659,95.29911857867117
660,95.01230474259727
661,95.14668386386468
662,95.54924612131023
663,95.47065280580321
664,95.32010566610329
665,95.25832723283558
666,95.25623940938425
667,94.84682477894798
668,95.01816296326848
669,95.20690480949591
670,94.76809798789888
671,95.18842189682184
672,95.2966280263265
673,95.32316902256012
674,95.43639342421977
675,95.36650901421498
676,95.04305654393077
677,94.94612547045861
678,95.07322722488867
679,94.9265356538412
680,95.23086304573275
681,95.13182991466682
682,95.19122426531581
683,95.33469066054096
684,95.1245798647174
685,95.32409006782481
686,95.02030241026831
687,95.23154285766292
688,95.09118833876072
689,95.41776479978098
690,95.30873518959682
691,95.26760990571975
692,95.41805746612073
693,95.30342258294563
694,95.46296204510581
695,95.40531116545654
696,95.331973940542
697,95.48337309828285
698,95.53418728034515
699,95.28648666078517
700,95.34442697651208
701,95.23020799992938
702,95.3562817473015
703,95.12166109546453
704,95.2986572466294
705,95.21384519259135
706,95.40153055319838
707,95.35522498285837
708,95.24861889310678
709,95.46847832300053
710,95.04632886101325
711,95.28821799193912
712,95.41867920387226
713,95.40814384863502
714,95.27584573204373
715,95.30399619606652
716,95.23401287967758
717,95.12297178642345
718,95.15678679125469
719,95.14014928735828
720,95.308803049578
721,95.27023415712503
722,95.21100357998736
723,95.20707192295403
724,95.36658073974907
725,95.24823525968657
726,95.31870245011673
727,94.88086063584117
728,95.30797480248472
729,95.20135096291216
730,95.3854042684107
731,95.21781107775244
732,95.34648853478083
733,95.22976418863273
734,95.3714629548845
735,95.48212599253203
736,95.43327778692029
737,95.44637057183222
738,95.27408758411521
739,95.38323753379409
740,95.27409519358254
741,95.3400372986164
742,95.3783326326471
743,95.24083796658621
744,95.17557611444636
745,95.07762830809008
746,95.17236464053505
747,95.07841122456699
748,95.11546049843517
749,95.29982419564584
750,95.19906293914646
751,95.26467127712188
752,95.17135539528395
753,95.4979184123022
754,95.27242512094378
755,95.47976662461566
756,95.2679111036565
757,95.41616644817925
758,95.3144189156781
759,95.32772828394383
760,95.63818022617522
761,95.40908660239317
762,95.51033184406354
763,95.48840586062632
764,95.51796185802996
765,95.4683653065251
766,95.28574023106057
767,95.31012331371576
768,95.18536343238182
769,95.3573944309973
770,95.389940722159
771,95.32559292651891
772,95.31401072272985
773,95.55888192199889
774,95.53898061003186
775,95.61126028783592
776,95.56095347402801
777,95.58992395000435
778,95.37560310791181
779,95.6337686045104
780,95.41112776473314
781,95.32060226179962
782,95.37807269486014
783,95.45846122949065
784,95.33420244178951
785,95.31274893355402
786,95.54355279218687
787,95.48604959303658
788,95.3567898217994
789,95.24672009505528
790,95.52875510891712
791,95.51529268090596
792,95.49702444000273
793,95.32664722692076
794,95.55512553326943
795,95.43931089562653
796,95.5380197198359
797,95.46126024068927
798,95.09497647365399
799,95.40874506892456
800,94.88693859028041
801,95.09314013482822
802,95.5578554797843
803,95.39906200440724
804,95.1773055029552
805,95.41906755030254
806,95.5813634632218
807,95.40626432630378
808,95.53254480753998
809,95.46054336051878
810,95.51435028411454
811,95.48335452252452
812,95.53993537504154
813,95.52198363060083
814,95.2329941665718
815,95.33618455991191
816,95.34055249063576
817,95.39255029043167
818,95.14748022984828
819,94.9810304499606
820,95.46090851346266
821,95.38374454879761
822,95.28578309987006
823,95.60005975963381
824,95.22172487535728
825,95.42361509465316
826,95.40479961219229
827,95.38015486166951
828,95.356738029832
829,95.33426394543368
830,95.40724025180482
831,95.17699824865424
832,95.23470941189191
833,95.40844344131384
834,95.46430420718815
835,95.47412384234634
836,95.53088869342697
837,95.67352584592305
838,95.44238460795546
839,95.46348960326931
840,95.3475173334019
841,95.5162276484191
842,95.3702040808839
843,95.49108406178668
844,95.56371607548148
845,95.54612841269461
846,95.42969812734586
847,95.40781477932906
848,95.53319735085033
849,95.5077134393583
850,95.5572769630595
851,95.659559261606
852,95.68602584941888
853,95.66793131906337
854,95.76345417767763
855,95.55378268028655
856,95.65513816617143
857,95.54436785246709
858,95.52537285551739
859,95.43519638091429
860,95.52809462688533
861,95.3920677221692
862,95.42649963437695
863,95.35631307367169
864,95.57331788193328
865,95.33292468064809
866,95.41106957783904
867,95.52730629507984
868,95.5952742641932
869,95.42925310372594
870,95.46367381411783
871,95.66183377195743
872,95.34131071176117
873,95.6133317415131
874,95.40264002685959
875,95.46881408554783
876,95.34429578198369
877,95.32666631773347
878,95.5629750227187
879,95.44007109880448
880,95.50569073442716
881,95.55770238613395
882,95.70586503892872
883,95.58539824269167
884,95.47788075812502
885,95.68650303831328
886,95.45956524619459
887,95.53998733520727
888,95.74732286094105
889,95.5024352080998
890,95.53849979646907
891,95.90180216290241
892,95.46450747898233
893,95.56736322009462
894,95.48604440521724
895,95.5043543048293
896,95.32115321855873
897,95.55635123419007
898,95.57848321692103
899,95.59855830193105
900,95.42509021994191
901,95.46154062313435
902,95.4591921054593
903,95.39341089774668
904,95.36451444427954
905,95.31976810647379
906,95.335073957967
907,95.54056529729733
908,95.49916779724317
909,95.44029453134613
910,95.52403550172488
911,95.4846674634847
912,95.6745903852263
913,95.33076376099685
914,95.3904806375065
915,95.51716385142008
916,95.32460299020455
917,95.40517730113143
918,95.70925276638529
919,95.32064410002982
920,95.4813408014972
921,95.44068374324637
922,95.28895130316417
923,95.41185271676603
924,95.7817678588751
925,95.25788932466882
926,95.55461721069163
927,95.3020543566421
928,95.59240395428559
929,95.5390323929196
930,95.46506691526753
931,95.40437129285495
932,95.32871029995194
933,95.42376004220637
934,95.6630794798757
935,95.4306759349317
936,95.52877308768375
937,95.5883754617539
938,95.61780797718515
939,95.48487842669878
940,95.4701557040377
941,95.49702096971754
942,95.50486629460801
943,95.48145204786381
944,95.36325206831897
945,95.57240821814756
946,95.41994428048807
947,95.56788499772918
948,95.68779545480514
949,95.76814799799376
950,95.53719452975288
951,95.50121073462434
952,95.38848505078317
953,95.40525907402667
954,95.01137676996333
955,94.96817917330863
956,95.22923649022852
957,95.21577586452567
958,95.31359413760408
959,95.19208725975291
960,95.26044542325126
961,95.28089147603512
962,95.45908259068993
963,95.53112003503686
964,95.6527670808368
965,95.45790834668884
966,94.90874637509758
967,95.47229703886653
968,95.39636051904193
969,95.26933657761644
970,95.50372860221029
971,95.14809072319021
972,95.54818610804723
973,95.5368542960065
974,95.31503559953022
975,95.50765257268549
976,95.30609994822548
977,95.22417372849152
978,95.57923479436207
979,95.65711786876498
980,95.80346099512151
981,95.6610206494775
982,95.75371280558603
983,95.50515380779386
984,95.41871682132917
985,95.53411149246745
986,95.28404639528439
987,95.70484157213745
988,95.50018946610253
989,95.53437364535733
990,95.60299095703898
991,95.42758430365863
992,95.66369215143375
993,95.62072237865917
994,95.71123729377429
995,95.5778156550145
996,95.50904112323066
997,95.73385773284318
998,95.70503467739016
999,95.52265642487461
1000,95.66120940459173
1001,95.61250063572037
1002,95.7841365836434
1003,95.43507243500935
1004,95.33884697685446
1005,95.5762239937526
1006,95.59678825805905
1007,95.75009049455214
1008,95.63807847168725
1009,95.66047922579256
1010,95.40743886958442
1011,95.77170710819158
1012,95.40714927111111
1013,95.55277051457301
1014,95.47020644503935
1015,95.1100945844058
1016,95.20059390174445
1017,95.48081168306831
1018,95.4981567176382
1019,95.40207379678036
1020,95.61048284281473
1021,95.4687082897149
1022,95.47465672496551
1023,95.35955590696506
1024,95.25600574066029
1025,95.29823196495633
1026,95.41111655193991
1027,94.89219306456556
1028,95.59187547285927
1029,95.5815782695176
1030,94.9398696736098
1031,95.30514519440867
1032,94.96090931966181
1033,95.61361219774282
1034,95.71869397065171
1035,95.55305034886521
1036,95.6877099195949
1037,95.49621248002583
1038,95.54465695911775
1039,95.81789330588484
1040,95.70189237303384
1041,95.78928816134498
1042,95.07462242779144
1043,95.39439922518372
1044,95.36377508758156
1045,95.34143003942813
1046,95.56206065375518
1047,95.56573527189201
1048,95.39014398607114
1049,95.18107098533888
1050,95.23231811957486
1051,95.40433941049979
1052,95.24088391386162
1053,95.20494268705974
1054,95.4171738996393
1055,95.28202002737447
1056,95.30106542884494
1057,95.33897606121278
1058,95.34946113835518
1059,95.3529324909846
1060,95.34901029109955
1061,95.47101119952241
1062,95.50682250154313
1063,95.50603269613836
1064,95.21787424270336
1065,95.30074744357795
1066,95.19996378201076
1067,95.35749720057504
1068,95.44109207382141
1069,95.37096574882337
1070,95.48178552709285
1071,95.44251106485052
1072,95.46176080838787
1073,95.72580046673353
1074,95.58756661058341
1075,95.5163903630242
1076,95.65531061501723
1077,95.57504686293873
1078,95.57326940490182
1079,95.65808655121708
1080,95.63225036218675
1081,95.6468020311312
1082,95.44676025779476
1083,95.21769999714179
1084,95.27579881492066
1085,95.25438906565417
1086,95.62771655254042
1087,95.65616119119913
1088,95.6167955651839
1089,95.72517978968871
1090,95.56125979101107
1091,95.38347217595577
1092,95.36981117962667
1093,95.25267002122807
1094,95.46300092990569
1095,95.52937320805066
1096,95.53119969295734
1097,95.62590589849367
1098,95.58320289116787
1099,95.68455699548845
1100,95.79157655443348
1101,95.57532329510086
1102,95.47901473142029
1103,95.57065126321781
1104,95.65804783251654
1105,95.55919801311863
1106,95.69523656847997
1107,95.32569344456033
1108,95.45500696138187
1109,95.25351823879551
1110,95.34153232434191
1111,95.46260708688197
1112,95.53696436497157
1113,95.53753258103613
1114,95.71283132779624
1115,95.41860416790799
1116,95.32114964692722
1117,95.4371184673603
1118,95.02716532495462
1119,95.34608387088775
1120,95.48279168103075
1121,95.59763302436102
1122,95.50005311108144
1123,95.55769432125732
1124,95.6270643481641
1125,95.5429906895846
1126,95.57914653854137
1127,95.5947444219268
1128,95.5169264265025
1129,95.66953599619504
1130,95.66386442407075
1131,95.6638574998144
1132,95.48818700182244
1133,95.61378622268414
1134,95.21076994817054
1135,95.6178310541818
1136,95.57334044641202
1137,95.50626768856674
1138,95.27358161117006
1139,95.55624583508529
1140,95.08233508045531
1141,95.40772647575234
1142,95.59493142773607
1143,95.60622275954947
1144,95.54599071081266
1145,95.68326389710431
1146,95.35220095085623
1147,95.85257342600154
1148,95.67864271246361
1149,95.6510097626558
1150,95.736983579828
1151,95.51025087911802
1152,95.46127806168278
1153,95.85552471984138
1154,95.53374474762086
1155,95.65818864753493
1156,95.53956693817081
1157,95.81674628733533
1158,95.49809735823233
1159,95.57122389407324
1160,95.76258203851135
1161,95.5796667442086
1162,95.61863372347398
1163,95.54209291360559
1164,95.64587708122757
1165,95.47052351403553
1166,95.55087153374622
1167,95.6280825107631
1168,95.64982336833887
1169,95.4958966284225
1170,95.48537440646543
1171,95.48848220957728
1172,95.49729443627241
1173,95.62181578295674
1174,95.47405461953635
1175,95.53387682076088
1176,95.4513623434024
1177,95.33524294194817
1178,95.37722863273211
1179,95.56798929492965
1180,95.55916310688633
1181,95.41868013626366
1182,95.09349479803878
1183,95.4149578450291
1184,95.38919917756232
1185,95.51648687807813
1186,95.36521213294756
1187,95.52274319602044
1188,95.43545239668646
1189,95.40204579094922
1190,95.20460662899458
1191,95.50535827193565
1192,95.67978591058505
1193,95.66069267855819
1194,95.54464641799892
1195,95.72127889034589
1196,95.69847522205349
1197,95.65661627812696
1198,95.56693366185482
1199,95.69607449675655
1200,95.56909488140587
1201,95.43816043324105
1202,95.43771631338493
1203,95.39657753372667
1204,95.40265824557294
1205,95.24546722561865
1206,95.29866268165026
1207,95.44845120743442
1208,95.69015120187473
1209,95.43661076878168
1210,95.53145617467604
1211,95.5918324364122
1212,95.40731583375488
1213,95.40455965229512
1214,95.56299805054239
1215,95.47269695300778
1216,95.44959605889674
1217,95.50932780200368
1218,95.40743662754694
1219,95.69563029424516
1220,95.7690958421998
1221,95.49063042433774
1222,95.42921619368394
1223,95.70995959843889
1224,95.51768673874054
1225,95.29103643243047
1226,95.59477730623921
1227,95.64973240800936
1228,95.4822763373162
1229,95.64382632500238
1230,95.60390504163689
1231,95.63075522994573
1232,95.73784046439549
1233,95.41119063113952
1234,95.5191140330389
1235,95.62719681955433
1236,95.56573827280305
1237,95.61479335671663
1238,95.61347536720886
1239,95.5386384207754
1240,95.61318238927814
1241,95.458624531101
1242,95.4981666586646
1243,95.39454364347212
1244,95.55964147718365
1245,95.33764398741306
1246,95.64236681730344
1247,95.543889628323
1248,95.57143902520251
1249,95.38740112016437
1250,95.34401938584655
1251,95.36573531723924
1252,95.43620539894894
1253,95.46108911742265
1254,95.75314073017816
1255,95.708580940403
1256,95.31272576826571
1257,95.63719856646044
1258,95.67512832871074
1259,95.51169295993893
1260,95.52674515123277
1261,95.7196585175986
1262,95.66926982737455
1263,95.53362326157949
1264,95.24115820821804
1265,95.50825781369836
1266,95.41633148333781
1267,95.36002898238695
1268,95.13728572785723
1269,94.96196800904647
1270,95.28432978064102
1271,95.21151347401738
1272,95.21442937766486
1273,95.03901917577191
1274,94.86843235526523
1275,95.42751673508309
1276,95.15378804662505
1277,95.45797988446115
1278,95.45403000033521
1279,95.65342445360427
1280,95.38986592574591
1281,95.55631410939073
1282,95.46565949293536
1283,95.510806569096
1284,95.56024113343308
1285,95.33137218499247
1286,95.41448817150314
1287,95.71782354041706
1288,95.61901221051112
1289,95.66155447896362
1290,95.44205258616726
1291,95.317754157469
1292,94.28084549622419
1293,95.24351264029978
1294,95.4406780717442
1295,95.42152838944482
1296,95.71766697292841
1297,95.4443995402508
1298,95.60934763291918
1299,95.4634233325101
1300,95.72565388926873
1301,95.60289021548866
1302,95.61572839911781
1303,95.64621687978773
1304,95.56697717990872
1305,95.80994659905812
1306,95.56382969441245
1307,95.62575502042851
1308,95.29104653946558
1309,95.33707357168997
1310,95.37718019756741
1311,95.38333309928454
1312,95.58553052359647
1313,95.53048928908059
1314,95.53649191117665
1315,95.4162423889973
1316,95.71299682290342
1317,95.75437007932926
1318,95.63552527196862
1319,95.48862008352349
1320,95.48833245951364
1321,95.45423852764748
1322,95.37850044187792
1323,95.60364891268424
1324,95.6504293181285
1325,95.50970539843934
1326,95.39863528199334
1327,95.5036329231463
1328,95.64814026215157
1329,95.52448055972715
1330,95.5668428530842
1331,95.5914020538793
1332,95.49548445921957
1333,95.65062026016979
1334,95.67023805050728
1335,95.7225037442643
1336,95.69893975190396
1337,95.72685688296842
1338,95.74925763826818
1339,95.5077561898068
1340,95.19050525362772
1341,95.72286660511318
1342,95.54902984612667
1343,95.66622047067519
1344,95.52851794448773
1345,95.55604312591255
1346,95.589351195949
1347,95.56164660114239
1348,95.54440116421736
1349,95.45741897636546
1350,95.70960506031895
1351,95.56276546430676
1352,95.48621976085234
1353,95.64338035563291
1354,95.86902596230323
1355,96.02535331873939
1356,95.802453105062
1357,95.76089584942721
1358,95.33399827596665
1359,95.17418099895504
1360,95.67399413823881
1361,95.7330631996907
1362,95.64566355430227
1363,95.6044158018585
1364,95.62841945609652
1365,95.4111871702643
1366,95.41600999053306
1367,95.5278604263731
1368,95.57709824473233
1369,95.655361536712
1370,95.65941213522491
1371,95.25291534081501
1372,95.58950098390095
1373,95.41885517409175
1374,95.11012085524713
1375,95.4310418365534
1376,95.46297167039661
1377,95.499787100943
1378,95.27223185272878
1379,95.15730093903404
1380,95.733956021898
1381,95.33883255781328
1382,95.53778614862303
1383,95.56890038273707
1384,95.44932743808826
1385,95.53369628205262
1386,95.65113407081795
1387,95.92080839946689
1388,95.92409263449144
1389,95.66196896306346
1390,95.50735613733588
1391,95.60891914288874
1392,95.71136806929621
1393,95.43647110374418
1394,95.33394125326262
1395,95.63052806958142
1396,95.61207949459185
1397,95.51499225718209
1398,95.41539025311145
1399,95.58357103021213
1400,95.43353520971316
1401,95.25167860354198
1402,95.66325173757902
1403,95.53698601537448
1404,95.50938625036572
1405,95.34658895625351
1406,95.3489103755366
1407,95.47078397426468
1408,95.26908754366562
1409,95.70309042432547
1410,95.64292503058932
1411,95.42587788542905
1412,95.5741318765443
1413,95.5276887794704
1414,95.39511891283004
1415,95.4636469723083
1416,95.42321591528949
1417,95.65806451483196
1418,95.64479420192299
1419,95.37626821244274
1420,95.32339986366412
1421,95.69778418790817
1422,95.66081844422628
1423,95.85433284110196
1424,95.74109940248208
1425,95.81820452106882
1426,95.37860247852248
1427,95.5010085528908
1428,95.38115118825766
1429,95.52576486407338
1430,95.33624031063306
1431,95.39991913475266
1432,95.36675338488699
1433,95.40112895532118
1434,95.33266722803066
1435,95.38335034827655
1436,95.33512444716672
1437,95.4106847181725
1438,95.33880436598021
1439,95.49811689113336
1440,95.6202292884317
1441,95.553933364283
1442,95.68258391846058
1443,95.68919672866407
1444,95.64572167942951
1445,95.66621985733758
1446,95.7205624037728
1447,95.84489837130211
1448,95.79713120290907
1449,95.78462907458149
1450,95.90073157194095
1451,95.76033937920393
1452,95.66726315905828
1453,95.67038831373344
1454,95.78112157198989
1455,95.68115629297147
1456,95.86679029773921
1457,95.93742437334078
1458,95.65093055463839
1459,95.6768563351233
1460,95.56950258196598
1461,95.60709208484083
1462,95.78519958847215
1463,95.50028408946793
1464,95.67898539057659
1465,95.55129920472729
1466,95.32979527641248
1467,95.4046517007732
1468,95.62064890906454
1469,95.49246108354555
1470,95.85773673558687
1471,95.58714528825946
1472,95.82066646719383
1473,95.62854084752324
1474,95.6293000174316
1475,95.92639998319694
1476,95.72696945535633
1477,95.70931354406001
1478,95.67744868357417
1479,95.74373676914722
1480,95.64227754879255
1481,95.50781339166089
1482,95.56233101572955
1483,95.57598778675641
1484,95.5990606400103
1485,95.55087298883745
1486,95.45856470436036
1487,95.69704419433943
1488,95.49129441027581
1489,95.73752410369516
1490,95.49145189021546
1491,95.57484278862218
1492,95.53220258501531
1493,95.73088162928437
1494,95.44972013556631
1495,95.68725575725023
1496,95.75079767151966
1497,95.72857958968159
1498,95.75319315265118
1499,95.6260877894713
