0,-14.86706829071045
1,0.7145574688911438
2,-5.514010906219482
3,-12.719536781311035
4,-10.267849922180176
5,-6.817578315734863
6,-0.9843160510063171
7,4.793312072753906
8,-8.956206321716309
9,-7.556975841522217
10,3.866130828857422
11,-9.581503868103027
12,20.07693099975586
13,-1.935129165649414
14,-3.075709342956543
15,6.2739667892456055
16,5.815816402435303
17,-6.261274337768555
18,5.334719181060791
19,2.6116459369659424
20,36.9991455078125
21,13.488025665283203
22,-3.859955310821533
23,1.9199988842010498
24,9.08613109588623
25,8.058940887451172
26,22.404661178588867
27,7.6561279296875
28,-3.5747787952423096
29,2.7314207553863525
30,10.001127243041992
31,5.176202297210693
32,16.194490432739258
33,12.126555442810059
34,2.651055097579956
35,37.80092239379883
36,22.92349624633789
37,17.064916610717773
38,15.51889419555664
39,0.1114826574921608
40,18.093812942504883
41,13.251663208007812
42,6.491812705993652
43,3.0605013370513916
44,4.885980129241943
45,7.9095025062561035
46,6.936728477478027
47,6.9247212409973145
48,7.237027168273926
49,0.40644919872283936
50,3.4171481132507324
51,4.381442546844482
52,-0.11680253595113754
53,7.290771007537842
54,9.396981239318848
55,7.454767227172852
56,7.977639675140381
57,1.6805496215820312
58,8.313469886779785
59,30.361177444458008
60,20.22903060913086
61,15.77818775177002
62,20.591318130493164
63,12.632539749145508
64,3.7934398651123047
65,14.150642395019531
66,20.875160217285156
67,18.04304313659668
68,22.600767135620117
69,27.191118240356445
70,22.494234085083008
71,23.653409957885742
72,15.658090591430664
73,9.685972213745117
74,26.664676666259766
75,22.805986404418945
76,28.884122848510742
77,9.513304710388184
78,13.6314115524292
79,31.4266357421875
80,30.068702697753906
81,17.48826026916504
82,19.58900260925293
83,25.965469360351562
84,20.27318000793457
85,10.429813385009766
86,20.991443634033203
87,7.898275852203369
88,13.699873924255371
89,2.429621458053589
90,16.54819107055664
91,19.927215576171875
92,13.337486267089844
93,14.57666301727295
94,4.209028720855713
95,3.0529065132141113
96,6.455737590789795
97,34.383949279785156
98,20.483240127563477
99,14.637510299682617
100,16.358642578125
101,25.208919525146484
102,47.29092025756836
103,20.619070053100586
104,18.508251190185547
105,20.176759719848633
106,19.300233840942383
107,23.570667266845703
108,32.44825744628906
109,34.42367172241211
110,22.753551483154297
111,16.716650009155273
112,19.150388717651367
113,16.742441177368164
114,15.612571716308594
115,15.677937507629395
116,25.749313354492188
117,31.977609634399414
118,35.492523193359375
119,31.357189178466797
120,24.173824310302734
121,23.437145233154297
122,23.029827117919922
123,30.065622329711914
124,27.77643394470215
125,29.01658058166504
126,41.221466064453125
127,28.35539436340332
128,29.26917839050293
129,30.25853729248047
130,24.746749877929688
131,18.936031341552734
132,28.848203659057617
133,27.28407859802246
134,29.495389938354492
135,37.47101593017578
136,49.35171127319336
137,25.791406631469727
138,23.300453186035156
139,21.234960556030273
140,15.304314613342285
141,19.646196365356445
142,25.21408462524414
143,27.750455856323242
144,27.677967071533203
145,33.651451110839844
146,30.043851852416992
147,36.83748245239258
148,40.38871765136719
149,51.332157135009766
150,22.45306968688965
151,26.602449417114258
152,29.382619857788086
153,27.197769165039062
154,26.718544006347656
155,27.88111686706543
156,44.8698844909668
157,35.979652404785156
158,28.680742263793945
159,19.236536026000977
160,24.283018112182617
161,36.143184661865234
162,35.015750885009766
163,28.291378021240234
164,34.56238555908203
165,24.104564666748047
166,26.645061492919922
167,40.66487121582031
168,48.59524917602539
169,32.72844314575195
170,18.19829559326172
171,17.334733963012695
172,19.034400939941406
173,20.764394760131836
174,17.443408966064453
175,21.287036895751953
176,26.889972686767578
177,35.96500015258789
178,37.30605697631836
179,35.85248565673828
180,24.083812713623047
181,27.853483200073242
182,32.7889518737793
183,30.42563819885254
184,33.368080139160156
185,46.064266204833984
186,34.76041793823242
187,40.363033294677734
188,34.21419143676758
189,37.21609878540039
190,30.927629470825195
191,23.482397079467773
192,20.390213012695312
193,24.58698081970215
194,38.074100494384766
195,28.163965225219727
196,29.44940948486328
197,28.747966766357422
198,39.577083587646484
199,38.80475997924805
200,37.182212829589844
201,31.56268310546875
202,43.69353103637695
203,44.6333122253418
204,40.8270263671875
205,39.2369270324707
206,27.457918167114258
207,36.76757049560547
208,36.32184600830078
209,30.656206130981445
210,32.96822738647461
211,32.288291931152344
212,37.74043273925781
213,41.49816131591797
214,44.540626525878906
215,45.728271484375
216,51.1072883605957
217,46.41263198852539
218,49.65395736694336
219,45.11079788208008
220,39.71857452392578
221,45.60335159301758
222,47.94862365722656
223,38.1480712890625
224,39.86893844604492
225,36.455665588378906
226,40.48210144042969
227,36.821388244628906
228,42.842926025390625
229,45.70206069946289
230,42.33940887451172
231,42.87659454345703
232,42.50336456298828
233,53.767398834228516
234,52.23945617675781
235,48.98338317871094
236,42.4255256652832
237,60.59944152832031
238,56.916419982910156
239,50.43933868408203
240,49.96704864501953
241,58.442989349365234
242,55.16484069824219
243,58.20125961303711
244,50.75568771362305
245,52.49896240234375
246,53.97332000732422
247,50.683597564697266
248,58.83392333984375
249,52.336402893066406
250,49.52542495727539
251,56.68081283569336
252,59.54182052612305
253,60.0684700012207
254,61.05308532714844
255,59.577850341796875
256,55.528770446777344
257,48.523990631103516
258,40.583351135253906
259,45.22709655761719
260,41.14369201660156
261,51.06144332885742
262,55.928409576416016
263,47.86188888549805
264,46.58353042602539
265,38.191524505615234
266,46.12730407714844
267,56.867431640625
268,54.9770622253418
269,49.511173248291016
270,51.87961196899414
271,51.80513381958008
272,54.84614562988281
273,55.06800842285156
274,58.28044891357422
275,57.19119644165039
276,52.41957473754883
277,44.70965576171875
278,49.62195587158203
279,39.50212478637695
280,45.40733337402344
281,49.444725036621094
282,46.84403991699219
283,46.257755279541016
284,53.549537658691406
285,47.762489318847656
286,53.86457061767578
287,59.070899963378906
288,63.73332214355469
289,59.089412689208984
290,51.31598663330078
291,43.33921813964844
292,46.31063461303711
293,43.21397018432617
294,47.090057373046875
295,57.43110656738281
296,56.914974212646484
297,53.93234634399414
298,55.34543228149414
299,50.65848922729492
300,58.808555603027344
301,56.27204895019531
302,52.363548278808594
303,48.236717224121094
304,46.864768981933594
305,52.23672103881836
306,49.79496765136719
307,53.918697357177734
308,56.49247741699219
309,53.868465423583984
310,58.03947830200195
311,63.26777648925781
312,63.34900665283203
313,49.473670959472656
314,57.20152282714844
315,55.46994400024414
316,52.879032135009766
317,50.88939666748047
318,55.82325744628906
319,59.66267776489258
320,58.2591667175293
321,59.37589645385742
322,58.423927307128906
323,44.274681091308594
324,57.13300704956055
325,42.256412506103516
326,42.91754150390625
327,45.16636657714844
328,43.17300796508789
329,48.158023834228516
330,59.281673431396484
331,62.467716217041016
332,59.02987289428711
333,60.227569580078125
334,48.670166015625
335,48.87782287597656
336,40.838783264160156
337,43.61133575439453
338,49.785438537597656
339,50.42557907104492
340,47.84803771972656
341,48.70515060424805
342,53.67722702026367
343,55.74045181274414
344,54.55778121948242
345,47.96608352661133
346,47.417198181152344
347,57.93583297729492
348,59.78566360473633
349,59.004234313964844
350,52.143402099609375
351,51.78776550292969
352,45.261558532714844
353,51.79093933105469
354,51.12725830078125
355,59.59993362426758
356,56.67432403564453
357,62.12434768676758
358,61.215789794921875
359,60.564369201660156
360,57.70261764526367
361,54.5914192199707
362,57.55617141723633
363,54.800506591796875
364,55.4897346496582
365,55.47169494628906
366,49.46232986450195
367,51.29200744628906
368,51.130409240722656
369,56.538291931152344
370,54.10599899291992
371,61.72825241088867
372,57.018959045410156
373,57.10251998901367
374,53.96763610839844
375,57.3774299621582
376,57.62666702270508
377,57.318233489990234
378,58.40343475341797
379,48.1260871887207
380,42.08643341064453
381,54.45946502685547
382,52.60527038574219
383,55.04241180419922
384,56.145179748535156
385,51.92330551147461
386,52.98651123046875
387,52.40570831298828
388,54.196956634521484
389,56.989990234375
390,59.08124542236328
391,62.238128662109375
392,50.571895599365234
393,52.22824478149414
394,51.26533126831055
395,55.5547981262207
396,54.176734924316406
397,58.886966705322266
398,58.607872009277344
399,62.0452766418457
400,65.01504516601562
401,56.59659194946289
402,58.38334655761719
403,58.354732513427734
404,58.86943817138672
405,60.95002746582031
406,62.54298782348633
407,57.969482421875
408,52.75263214111328
409,60.65901184082031
410,56.48567199707031
411,58.26728820800781
412,58.079307556152344
413,58.54765701293945
414,56.17962646484375
415,63.899654388427734
416,61.31889724731445
417,59.02491760253906
418,67.28850555419922
419,59.04984664916992
420,57.08810806274414
421,55.086875915527344
422,58.417171478271484
423,55.99299621582031
424,63.72151184082031
425,61.281314849853516
426,59.53373718261719
427,64.12967681884766
428,62.037654876708984
429,67.52094268798828
430,54.69366455078125
431,62.94092559814453
432,62.90719985961914
433,55.09966278076172
434,57.516571044921875
435,52.62006759643555
436,49.00297164916992
437,58.58251953125
438,55.26045608520508
439,68.23824310302734
440,65.1100845336914
441,64.21720886230469
442,56.28007507324219
443,54.46122360229492
444,50.11761474609375
445,48.06293869018555
446,46.935665130615234
447,55.0081787109375
448,63.26355743408203
449,56.00080108642578
450,52.6910285949707
451,51.45234680175781
452,49.2686882019043
453,50.8565673828125
454,48.71571350097656
455,52.875450134277344
456,55.269309997558594
457,60.68328857421875
458,60.939598083496094
459,62.61174011230469
460,54.112083435058594
461,56.25345230102539
462,53.013065338134766
463,58.9899787902832
464,53.730289459228516
465,60.59321212768555
466,54.05703353881836
467,57.10055923461914
468,52.42315673828125
469,54.53931427001953
470,56.10235595703125
471,52.971412658691406
472,57.12627029418945
473,53.14118194580078
474,50.07870101928711
475,54.96608352661133
476,57.610687255859375
477,60.04773712158203
478,60.75082778930664
479,51.57357406616211
480,54.175079345703125
481,52.041019439697266
482,56.54404067993164
483,52.47578811645508
484,56.501705169677734
485,50.0296516418457
486,52.85508346557617
487,52.10053253173828
488,53.17827224731445
489,52.487464904785156
490,55.96586990356445
491,48.30966567993164
492,57.43636703491211
493,60.48799133300781
494,58.203765869140625
495,58.506649017333984
496,64.31146240234375
497,61.07992935180664
498,59.803401947021484
499,59.775299072265625
500,53.25557327270508
501,63.01189041137695
502,59.16275405883789
503,64.35279846191406
504,61.104148864746094
505,57.58964538574219
506,51.65926742553711
507,57.140869140625
508,53.275672912597656
509,58.163330078125
510,53.983055114746094
511,51.22587203979492
512,54.709102630615234
513,55.38433837890625
514,64.44631958007812
515,57.3673095703125
516,56.43135452270508
517,56.07273483276367
518,60.866268157958984
519,60.59122085571289
520,59.71108627319336
521,58.85208511352539
522,62.67255401611328
523,57.0732536315918
524,46.87238693237305
525,57.91135025024414
526,53.738250732421875
527,46.639713287353516
528,51.38094711303711
529,47.67601013183594
530,45.92390823364258
531,44.226715087890625
532,50.6533203125
533,50.940826416015625
534,42.762901306152344
535,56.14112854003906
536,54.44304275512695
537,52.929779052734375
538,57.79679489135742
539,51.10450744628906
540,54.81318283081055
541,56.55020523071289
542,57.77391052246094
543,52.83625411987305
544,56.65635299682617
545,52.079368591308594
546,50.31431579589844
547,55.1608772277832
548,47.53096008300781
549,52.88041305541992
550,57.80559539794922
551,54.83884048461914
552,50.91130447387695
553,58.7376708984375
554,52.70948028564453
555,56.77614974975586
556,48.285152435302734
557,55.85135269165039
558,52.57368087768555
559,52.27837371826172
560,56.104034423828125
561,51.52939224243164
562,56.85306930541992
563,51.44983673095703
564,52.408748626708984
565,51.1395263671875
566,47.51612854003906
567,51.29991149902344
568,47.463993072509766
569,50.6998405456543
570,57.36543655395508
571,57.81504440307617
572,60.88014602661133
573,51.704002380371094
574,44.398834228515625
575,45.26233673095703
576,48.35051727294922
577,45.88892364501953
578,50.283172607421875
579,54.668888092041016
580,52.36798095703125
581,44.60153579711914
582,46.113800048828125
583,48.79213333129883
584,40.75374221801758
585,49.964393615722656
586,48.92744445800781
587,50.21110534667969
588,46.7188720703125
589,50.651058197021484
590,53.03708267211914
591,50.55388641357422
592,53.90022659301758
593,44.30457305908203
594,51.337921142578125
595,52.085052490234375
596,54.50895309448242
597,50.76016616821289
598,41.204002380371094
599,46.165069580078125
600,40.29195785522461
601,53.03704071044922
602,43.91357421875
603,49.24852752685547
604,52.14210891723633
605,46.973960876464844
606,47.7089958190918
607,53.319732666015625
608,46.608245849609375
609,47.154380798339844
610,44.58885192871094
611,49.39838409423828
612,50.94960021972656
613,44.67387771606445
614,57.088951110839844
615,50.70558166503906
616,49.76658248901367
617,55.82058334350586
618,46.68107604980469
619,51.46735763549805
620,52.22175598144531
621,43.233036041259766
622,47.3345947265625
623,44.62220001220703
624,44.45336151123047
625,45.41926193237305
626,47.77924346923828
627,53.19886016845703
628,36.60167694091797
629,48.79170608520508
630,53.790733337402344
631,55.17672348022461
632,51.82375717163086
633,58.92098617553711
634,48.989105224609375
635,51.58004379272461
636,49.17860412597656
637,53.83312225341797
638,50.61893844604492
639,50.036685943603516
640,51.089149475097656
641,47.17436218261719
642,47.29814529418945
643,53.3357048034668
644,51.06871032714844
645,51.8683967590332
646,52.37245178222656
647,50.313140869140625
648,58.46451950073242
649,53.2736930847168
650,56.12517166137695
651,47.164852142333984
652,60.71808624267578
653,56.385196685791016
654,56.761863708496094
655,52.320133209228516
656,47.85311508178711
657,50.23031234741211
658,53.180816650390625
659,50.95206832885742
660,50.55558395385742
661,51.98275375366211
662,51.41248321533203
663,60.106956481933594
664,52.11288833618164
665,58.391780853271484
666,48.821533203125
667,52.34796142578125
668,49.26802062988281
669,42.33841323852539
670,50.98640441894531
671,51.12978744506836
672,53.22679138183594
673,51.31438064575195
674,52.943946838378906
675,52.97014617919922
676,50.377906799316406
677,51.73841857910156
678,51.919158935546875
679,51.22480773925781
680,57.061397552490234
681,48.34528350830078
682,49.383792877197266
683,54.60508728027344
684,47.238895416259766
685,52.34895324707031
686,54.050357818603516
687,46.867462158203125
688,39.79709243774414
689,43.19458770751953
690,52.723487854003906
691,45.5222053527832
692,50.557918548583984
693,47.052406311035156
694,48.70294952392578
695,56.247886657714844
696,58.97075653076172
697,52.30642318725586
698,53.102142333984375
699,54.459617614746094
700,55.29855728149414
701,58.41220474243164
702,53.49187088012695
703,51.760292053222656
704,50.238582611083984
705,56.22063446044922
706,50.22773361206055
707,58.01507568359375
708,51.068443298339844
709,50.85209655761719
710,50.99681854248047
711,44.598846435546875
712,45.71596908569336
713,50.60174560546875
714,50.437557220458984
715,40.88874435424805
716,42.803985595703125
717,45.10009002685547
718,40.920494079589844
719,45.465606689453125
720,49.4794807434082
721,46.771728515625
722,47.550899505615234
723,50.231483459472656
724,53.63115692138672
725,50.95803451538086
726,49.47121810913086
727,41.07569122314453
728,44.07025146484375
729,41.810943603515625
730,39.52560806274414
731,45.76512145996094
732,51.17793273925781
733,51.863651275634766
734,55.125762939453125
735,51.94505310058594
736,52.1844482421875
737,44.42522430419922
738,51.80087661743164
739,54.28880310058594
740,58.90966033935547
741,53.09176254272461
742,51.960975646972656
743,55.438758850097656
744,51.027549743652344
745,49.17856216430664
746,50.365177154541016
747,50.86260223388672
748,56.65053939819336
749,52.608055114746094
750,56.96129608154297
751,54.81231689453125
752,50.884368896484375
753,52.35791015625
754,53.774959564208984
755,56.34542465209961
756,52.04252624511719
757,56.53403091430664
758,57.914825439453125
759,51.389793395996094
760,49.46044158935547
761,48.057823181152344
762,50.51807403564453
763,56.8806266784668
764,54.063514709472656
765,53.38228988647461
766,52.087562561035156
767,56.48788070678711
768,56.26554870605469
769,57.3215217590332
770,56.352935791015625
771,53.4823112487793
772,51.719947814941406
773,55.38025665283203
774,54.71863555908203
775,52.6478385925293
776,46.995357513427734
777,51.240211486816406
778,49.65119171142578
779,56.304161071777344
780,50.80982971191406
781,58.476585388183594
782,48.104373931884766
783,49.701480865478516
784,44.512969970703125
785,52.04878234863281
786,53.644229888916016
787,47.378509521484375
788,41.702659606933594
789,48.01819610595703
790,49.49662780761719
791,50.906558990478516
792,51.13240051269531
793,44.46923065185547
794,51.728328704833984
795,46.54756164550781
796,54.80842590332031
797,53.07633972167969
798,51.55493927001953
799,57.071537017822266
800,50.40007400512695
801,53.86329650878906
802,50.64137268066406
803,56.622161865234375
804,56.548221588134766
805,49.356388092041016
806,57.676937103271484
807,57.73368453979492
808,55.776634216308594
809,55.42634201049805
810,52.60418701171875
811,58.17031478881836
812,49.2740592956543
813,59.60157775878906
814,56.11165237426758
815,58.117271423339844
816,53.31365203857422
817,56.66358184814453
818,57.53093338012695
819,57.669681549072266
820,53.94594192504883
821,54.66868209838867
822,56.326255798339844
823,56.83552551269531
824,47.87955093383789
825,53.62822723388672
826,50.792842864990234
827,52.326393127441406
828,52.181663513183594
829,56.03349304199219
830,55.90824890136719
831,57.448509216308594
832,55.59903335571289
833,49.023101806640625
834,53.82633590698242
835,46.385589599609375
836,49.44855880737305
837,44.49005126953125
838,49.20000457763672
839,41.90727233886719
840,46.896453857421875
841,48.40428924560547
842,48.477806091308594
843,47.958587646484375
844,44.43680953979492
845,44.57390594482422
846,41.56367492675781
847,46.42316818237305
848,43.15665054321289
849,41.27541732788086
850,45.93746566772461
851,44.24821853637695
852,47.68860626220703
853,37.11415100097656
854,48.213157653808594
855,45.38666915893555
856,49.388450622558594
857,51.93653869628906
858,56.35696792602539
859,52.509849548339844
860,55.731956481933594
861,49.319061279296875
862,52.39582061767578
863,46.713768005371094
864,44.434417724609375
865,48.447967529296875
866,53.75055694580078
867,50.30390167236328
868,49.99430465698242
869,46.05264663696289
870,49.588172912597656
871,47.42665481567383
872,50.17585372924805
873,56.93851852416992
874,49.435943603515625
875,45.20054626464844
876,45.58358383178711
877,43.64010238647461
878,42.16590118408203
879,41.470890045166016
880,39.0936279296875
881,44.036651611328125
882,43.860107421875
883,42.65324401855469
884,45.700809478759766
885,49.13286590576172
886,47.93583297729492
887,47.09841537475586
888,47.49101257324219
889,49.33343505859375
890,56.85580825805664
891,50.467281341552734
892,39.70269012451172
893,49.68581008911133
894,43.03129959106445
895,44.96114730834961
896,43.33155059814453
897,49.434993743896484
898,51.56587600708008
899,47.71118927001953
900,43.89398956298828
901,48.30746841430664
902,42.43503952026367
903,47.28371810913086
904,53.47052764892578
905,56.097232818603516
906,54.962310791015625
907,57.00621795654297
908,51.49421691894531
909,50.265506744384766
910,60.50563430786133
911,51.09532928466797
912,56.33672332763672
913,60.29884338378906
914,56.02577209472656
915,62.07047653198242
916,54.06805419921875
917,46.30940628051758
918,53.054588317871094
919,50.30077362060547
920,44.822818756103516
921,40.2702751159668
922,49.6588249206543
923,50.63824462890625
924,53.41143798828125
925,48.577247619628906
926,53.704471588134766
927,47.695289611816406
928,53.78687286376953
929,53.7079963684082
930,52.38560485839844
931,55.47053527832031
932,45.38087463378906
933,46.26932144165039
934,39.9620361328125
935,40.89188003540039
936,50.763065338134766
937,46.460716247558594
938,50.84539031982422
939,54.15663146972656
940,46.01433181762695
941,50.842926025390625
942,49.546043395996094
943,44.7221565246582
944,48.11697006225586
945,47.946781158447266
946,47.045310974121094
947,41.0040283203125
948,45.234439849853516
949,41.65082931518555
950,46.229347229003906
951,51.3223876953125
952,48.74684524536133
953,54.31597137451172
954,53.49797821044922
955,53.8532829284668
956,57.39864730834961
957,50.53178787231445
958,55.95143508911133
959,47.451202392578125
960,50.293704986572266
961,49.98747634887695
962,47.10877990722656
963,49.15376663208008
964,48.09569549560547
965,48.48674392700195
966,48.49000549316406
967,38.51641845703125
968,49.94516372680664
969,40.048892974853516
970,44.39226150512695
971,48.61122131347656
972,55.70415496826172
973,52.643741607666016
974,51.084075927734375
975,52.99171447753906
976,55.25171661376953
977,48.11772155761719
978,56.4145393371582
979,56.48000717163086
980,46.317405700683594
981,56.03145980834961
982,53.00250244140625
983,53.06171798706055
984,52.51544189453125
985,56.0813102722168
986,53.09735870361328
987,52.12333679199219
988,48.522403717041016
989,56.60336685180664
990,52.46957778930664
991,49.28035354614258
992,36.190250396728516
993,50.529808044433594
994,41.195369720458984
995,44.978004455566406
996,37.83110046386719
997,36.05891418457031
998,44.25150680541992
999,46.76828384399414
1000,45.6114387512207
1001,49.80854034423828
1002,53.81513595581055
1003,46.73236846923828
1004,45.82722854614258
1005,45.782501220703125
1006,48.95550537109375
1007,51.968849182128906
1008,38.43401336669922
1009,45.86577224731445
1010,50.25634002685547
1011,48.666683197021484
1012,40.41905975341797
1013,50.0139274597168
1014,44.53279495239258
1015,47.68559646606445
1016,43.30693817138672
1017,51.74869155883789
1018,44.2278938293457
1019,50.262874603271484
1020,51.19186019897461
1021,46.13688659667969
1022,46.54985046386719
1023,54.830055236816406
1024,50.452392578125
1025,54.84720993041992
1026,45.254722595214844
1027,48.46912384033203
1028,55.276123046875
1029,47.8904914855957
1030,42.19987869262695
1031,54.79939651489258
1032,44.80255126953125
1033,44.62618637084961
1034,42.922542572021484
1035,49.69926071166992
1036,46.12961959838867
1037,48.80876922607422
1038,48.263336181640625
1039,54.976417541503906
1040,53.58640670776367
1041,39.058284759521484
1042,53.191932678222656
1043,47.633480072021484
1044,53.176143646240234
1045,55.372920989990234
1046,49.26191329956055
1047,51.777835845947266
1048,48.354854583740234
1049,64.58879089355469
1050,55.691307067871094
1051,49.33696365356445
1052,52.1336555480957
1053,56.51555633544922
1054,52.96253204345703
1055,49.25849151611328
1056,52.35142135620117
1057,43.07421112060547
1058,52.10335922241211
1059,51.839725494384766
1060,51.8090705871582
1061,55.880859375
1062,41.52509307861328
1063,59.631202697753906
1064,47.146663665771484
1065,47.14451599121094
1066,34.682010650634766
1067,45.912872314453125
1068,44.03852844238281
1069,43.493526458740234
1070,45.698368072509766
1071,49.7380485534668
1072,47.31341552734375
1073,48.378501892089844
1074,43.85498046875
1075,42.54703903198242
1076,49.959163665771484
1077,50.18682098388672
1078,37.940032958984375
1079,41.09220886230469
1080,41.91636657714844
1081,41.336463928222656
1082,37.69301986694336
1083,50.130680084228516
1084,41.75426483154297
1085,42.11188507080078
1086,39.12403106689453
1087,42.71498489379883
1088,45.750877380371094
1089,47.568115234375
1090,50.59333419799805
1091,44.76166534423828
1092,46.09666442871094
1093,45.98379898071289
1094,54.48514938354492
1095,51.79021453857422
1096,43.58856201171875
1097,44.344215393066406
1098,47.50687789916992
1099,44.34490203857422
1100,40.10600662231445
1101,47.49687576293945
1102,44.21422576904297
1103,48.454498291015625
1104,46.515926361083984
1105,47.37765884399414
1106,49.798519134521484
1107,39.054893493652344
1108,44.04463577270508
1109,45.46270751953125
1110,45.213584899902344
1111,45.09950637817383
1112,47.78854751586914
1113,48.454620361328125
1114,41.93600845336914
1115,37.989925384521484
1116,35.091243743896484
1117,47.77440643310547
1118,47.606388092041016
1119,45.972591400146484
1120,47.2451286315918
1121,52.378929138183594
1122,44.585384368896484
1123,45.34203338623047
1124,51.83104705810547
1125,51.78071212768555
1126,48.16818618774414
1127,43.13968276977539
1128,47.85457229614258
1129,44.3077278137207
1130,48.15414047241211
1131,52.36322021484375
1132,49.15473556518555
1133,38.52373504638672
1134,45.002540588378906
1135,45.836578369140625
1136,44.792564392089844
1137,44.72930145263672
1138,50.769771575927734
1139,50.421321868896484
1140,51.443668365478516
1141,53.73836135864258
1142,55.41304016113281
1143,59.534515380859375
1144,58.101585388183594
1145,55.872005462646484
1146,54.05178451538086
1147,50.73588943481445
1148,46.23479080200195
1149,42.268577575683594
1150,45.13761901855469
1151,50.00116729736328
1152,49.727317810058594
1153,45.7916145324707
1154,44.889625549316406
1155,52.838478088378906
1156,51.71554183959961
1157,45.92973709106445
1158,50.241886138916016
1159,50.876708984375
1160,50.63563537597656
1161,44.888519287109375
1162,50.25445556640625
1163,57.10633850097656
1164,38.54261016845703
1165,41.106441497802734
1166,54.8225212097168
1167,51.776763916015625
1168,52.621192932128906
1169,50.22889709472656
1170,56.83452224731445
1171,55.735618591308594
1172,54.00823974609375
1173,49.78256607055664
1174,45.375736236572266
1175,51.743675231933594
1176,56.56985092163086
1177,52.377681732177734
1178,59.74843215942383
1179,52.785301208496094
1180,55.867279052734375
1181,51.237060546875
1182,60.16310119628906
1183,54.04682159423828
1184,47.85202407836914
1185,47.968685150146484
1186,49.911277770996094
1187,50.10981750488281
1188,51.26314163208008
1189,50.32121658325195
1190,47.18877410888672
1191,49.707088470458984
1192,46.11276626586914
1193,51.666595458984375
1194,51.085391998291016
1195,43.917423248291016
1196,42.009864807128906
1197,41.83416748046875
1198,48.12628936767578
1199,44.841156005859375
1200,53.01929473876953
1201,52.99296188354492
1202,46.53266143798828
1203,45.9931640625
1204,47.70802307128906
1205,50.436988830566406
1206,42.104957580566406
1207,46.42613983154297
1208,50.82126235961914
1209,42.716339111328125
1210,41.65546798706055
1211,43.32402420043945
1212,49.449684143066406
1213,51.23954772949219
1214,44.4564323425293
1215,47.4290657043457
1216,50.37158203125
1217,45.15907287597656
1218,56.50297546386719
1219,50.22313690185547
1220,47.77143478393555
1221,53.226890563964844
1222,44.25475311279297
1223,49.683231353759766
1224,44.19708251953125
1225,43.46534729003906
1226,48.53654098510742
1227,43.109214782714844
1228,43.99227523803711
1229,52.18500518798828
1230,48.744327545166016
1231,53.18456268310547
1232,48.889705657958984
1233,49.84959411621094
1234,48.9144401550293
1235,50.29719161987305
1236,43.645050048828125
1237,52.60245895385742
1238,44.87120056152344
1239,49.851070404052734
1240,46.21824645996094
1241,42.992401123046875
1242,48.06931686401367
1243,58.80720901489258
1244,41.97929382324219
1245,48.03097152709961
1246,43.24523162841797
1247,44.429359436035156
1248,49.57048416137695
1249,37.37852478027344
1250,49.792423248291016
1251,50.60589599609375
1252,45.45548629760742
1253,43.43577575683594
1254,42.41303253173828
1255,43.60108947753906
1256,44.361236572265625
1257,47.99184036254883
1258,46.442501068115234
1259,41.15752029418945
1260,45.07853698730469
1261,48.47309112548828
1262,39.624942779541016
1263,47.064857482910156
1264,50.0521125793457
1265,50.496646881103516
1266,44.86076354980469
1267,42.44526290893555
1268,43.575138092041016
1269,41.880035400390625
1270,48.338539123535156
1271,42.85409927368164
1272,51.16425704956055
1273,44.72426986694336
1274,46.86958312988281
1275,43.753456115722656
1276,42.39690017700195
1277,49.18669891357422
1278,45.03907012939453
1279,44.958255767822266
1280,51.610782623291016
1281,51.106300354003906
1282,42.00297164916992
1283,48.87384033203125
1284,51.28947067260742
1285,44.71043395996094
1286,47.474273681640625
1287,45.65441131591797
1288,42.92698669433594
1289,47.21284866333008
1290,45.51781463623047
1291,41.150001525878906
1292,45.22237014770508
1293,51.0588493347168
1294,45.33726119995117
1295,42.26860046386719
1296,49.719627380371094
1297,43.01960754394531
1298,49.8749885559082
1299,56.086402893066406
1300,57.960819244384766
1301,53.62556838989258
1302,53.96963119506836
1303,48.394466400146484
1304,47.86577606201172
1305,44.280418395996094
1306,45.14841842651367
1307,49.07059860229492
1308,53.14251708984375
1309,49.76470184326172
1310,47.710899353027344
1311,44.79936218261719
1312,48.26432418823242
1313,51.77178955078125
1314,51.90126037597656
1315,46.40696716308594
1316,52.64659881591797
1317,48.95277786254883
1318,51.10759353637695
1319,48.18611145019531
1320,44.71465301513672
1321,48.86377716064453
1322,47.31217956542969
1323,45.273468017578125
1324,48.23741912841797
1325,46.371803283691406
1326,52.90352249145508
1327,46.828365325927734
1328,53.81398391723633
1329,54.70136260986328
1330,52.91981506347656
1331,55.98135757446289
1332,52.08026885986328
1333,51.5694580078125
1334,61.33989715576172
1335,48.14825439453125
1336,57.4403076171875
1337,47.05442428588867
1338,50.314090728759766
1339,50.73680114746094
1340,54.66381072998047
1341,42.587520599365234
1342,44.70100021362305
1343,52.561100006103516
1344,50.90812683105469
1345,47.784950256347656
1346,46.78162384033203
1347,41.95647048950195
1348,42.923492431640625
1349,44.68040466308594
1350,47.16779708862305
1351,44.81863784790039
1352,58.53522491455078
1353,46.1744270324707
1354,53.740501403808594
1355,50.90747833251953
1356,53.60643768310547
1357,50.39845275878906
1358,41.692710876464844
1359,48.182010650634766
1360,43.94363784790039
1361,54.183868408203125
1362,50.08731460571289
1363,48.04328536987305
1364,46.70741271972656
1365,46.906585693359375
1366,37.863277435302734
1367,44.62289810180664
1368,50.942989349365234
1369,40.417667388916016
1370,56.453514099121094
1371,49.500328063964844
1372,54.27680969238281
1373,50.45391845703125
1374,53.87230682373047
1375,43.374847412109375
1376,49.707664489746094
1377,46.934165954589844
1378,45.960601806640625
1379,57.87868881225586
1380,50.54790115356445
1381,52.922611236572266
1382,45.92610549926758
1383,45.99463653564453
1384,51.47837448120117
1385,49.709381103515625
1386,54.151546478271484
1387,47.77011489868164
1388,47.129920959472656
1389,50.675331115722656
1390,51.49690628051758
1391,46.59931945800781
1392,52.08607864379883
1393,50.0324821472168
1394,49.24741744995117
1395,52.51932907104492
1396,53.60878372192383
1397,46.91043472290039
1398,50.526878356933594
1399,48.727455139160156
1400,55.449134826660156
1401,50.22319030761719
1402,38.84645462036133
1403,45.41719436645508
1404,38.466270446777344
1405,42.34458923339844
1406,41.51810073852539
1407,48.71421432495117
1408,49.865081787109375
1409,53.12808609008789
1410,49.73278045654297
1411,48.91762924194336
1412,53.019107818603516
1413,45.44776153564453
1414,43.346370697021484
1415,47.128204345703125
1416,47.66014862060547
1417,46.53102493286133
1418,50.95622253417969
1419,41.05522155761719
1420,45.9374885559082
1421,45.17469024658203
1422,42.181156158447266
1423,46.8855094909668
1424,44.63169860839844
1425,42.98419189453125
1426,47.86697769165039
1427,46.371482849121094
1428,47.09092712402344
1429,41.11451721191406
1430,32.34505081176758
1431,42.21836853027344
1432,42.90693664550781
1433,49.02658462524414
1434,47.99838638305664
1435,43.84442138671875
1436,50.56917190551758
1437,50.48561096191406
1438,50.084293365478516
1439,54.070594787597656
1440,44.22704315185547
1441,54.19422912597656
1442,46.580116271972656
1443,45.71713638305664
1444,47.98027801513672
1445,48.778018951416016
1446,55.812965393066406
1447,57.06623077392578
1448,50.85191345214844
1449,49.38786315917969
1450,56.59315490722656
1451,52.36405944824219
1452,51.526363372802734
1453,57.06459426879883
1454,54.16655731201172
1455,49.8684196472168
1456,48.20309829711914
1457,50.141075134277344
1458,44.633140563964844
1459,49.22080612182617
1460,49.139427185058594
1461,54.23201370239258
1462,50.963043212890625
1463,49.506988525390625
1464,51.42460632324219
1465,45.88329315185547
1466,43.69579315185547
1467,43.89251708984375
1468,50.223785400390625
1469,49.174076080322266
1470,40.32682418823242
1471,54.56925964355469
1472,44.97876739501953
1473,46.7243537902832
1474,47.95231246948242
1475,53.49531555175781
1476,49.4999885559082
1477,46.1827278137207
1478,53.3403434753418
1479,55.111392974853516
1480,44.86684036254883
1481,42.98902130126953
1482,52.10891342163086
1483,42.89960479736328
1484,42.1701774597168
1485,41.70922088623047
1486,49.56965637207031
1487,49.367252349853516
1488,51.97396469116211
1489,53.371002197265625
1490,49.5363655090332
1491,45.15761184692383
1492,42.144264221191406
1493,51.09835433959961
1494,52.561248779296875
1495,48.73149108886719
1496,41.08033752441406
1497,48.45646667480469
1498,46.41933822631836
1499,49.24488067626953
1500,48.39687728881836
1501,50.93891906738281
1502,57.216156005859375
1503,54.8504753112793
1504,47.849029541015625
1505,53.505680084228516
1506,50.41969299316406
1507,53.411746978759766
1508,52.73196792602539
1509,57.31855773925781
1510,51.78980255126953
1511,47.69776916503906
1512,58.00550079345703
1513,56.8996467590332
1514,48.096885681152344
1515,51.44500732421875
1516,51.44565200805664
1517,52.05095672607422
1518,48.18482971191406
1519,44.54661560058594
1520,44.82099533081055
1521,42.41880416870117
1522,43.49980926513672
1523,43.377193450927734
1524,46.77461624145508
1525,56.17532730102539
1526,44.049346923828125
1527,49.11182403564453
1528,50.77301025390625
1529,48.04310607910156
1530,45.4531135559082
1531,40.4251708984375
1532,45.705902099609375
1533,39.79265213012695
1534,43.3204460144043
1535,35.95861053466797
1536,41.1543083190918
1537,51.632572174072266
1538,47.819725036621094
1539,51.94110107421875
1540,55.915489196777344
1541,59.041690826416016
1542,51.635650634765625
1543,50.326416015625
1544,44.82748031616211
1545,46.68883514404297
1546,47.97470474243164
1547,46.38798904418945
1548,45.79755783081055
1549,47.38092803955078
1550,45.94817352294922
1551,50.631866455078125
1552,44.36134719848633
1553,50.22935485839844
1554,52.8079833984375
1555,48.817169189453125
1556,53.826011657714844
1557,45.777061462402344
1558,52.719810485839844
1559,51.045650482177734
1560,54.528099060058594
1561,55.78854751586914
1562,51.385894775390625
1563,52.79874038696289
1564,50.69569778442383
1565,50.828426361083984
1566,47.87734603881836
1567,55.77941131591797
1568,51.32987976074219
1569,49.62055969238281
1570,50.9551887512207
1571,50.46078109741211
1572,50.76633834838867
1573,57.06198501586914
1574,58.34737777709961
1575,44.420631408691406
1576,51.078125
1577,53.43349838256836
1578,54.63042068481445
1579,49.228965759277344
1580,59.44749069213867
1581,56.54341506958008
1582,57.40147018432617
1583,52.73920440673828
1584,49.759010314941406
1585,47.37470245361328
1586,56.346378326416016
1587,52.2793083190918
1588,50.03888702392578
1589,56.98527908325195
1590,48.545982360839844
1591,43.90193557739258
1592,49.461524963378906
1593,51.27534866333008
1594,53.94760513305664
1595,53.41522979736328
1596,54.034828186035156
1597,51.29057312011719
1598,56.3657341003418
1599,48.53602600097656
1600,49.336605072021484
1601,48.632755279541016
1602,51.2459831237793
1603,39.916996002197266
1604,52.26720428466797
1605,40.591190338134766
1606,48.30392074584961
1607,43.46894836425781
1608,47.86094665527344
1609,42.343109130859375
1610,48.030155181884766
1611,44.24523162841797
1612,47.155643463134766
1613,56.370723724365234
1614,56.1560173034668
1615,50.96868133544922
1616,50.874305725097656
1617,57.18680191040039
1618,49.10051345825195
1619,51.45326614379883
1620,49.18163299560547
1621,51.96131896972656
1622,52.76527404785156
1623,52.42969512939453
1624,49.21498489379883
1625,49.98057556152344
1626,51.12847900390625
1627,49.457942962646484
1628,49.268272399902344
1629,48.58507537841797
1630,48.31047439575195
1631,52.07791519165039
1632,48.17612838745117
1633,50.429161071777344
1634,57.476802825927734
1635,47.6345329284668
1636,41.2789306640625
1637,50.47246170043945
1638,43.6065788269043
1639,53.38988494873047
1640,48.798744201660156
1641,43.456138610839844
1642,53.83922576904297
1643,43.50654983520508
1644,55.44252014160156
1645,55.79262924194336
1646,57.03981018066406
1647,48.066986083984375
1648,52.77162551879883
1649,39.63922119140625
1650,47.0823860168457
1651,47.39118957519531
1652,40.72458267211914
1653,40.97971725463867
1654,43.67281723022461
1655,48.46536636352539
1656,56.91935729980469
1657,52.4974250793457
1658,46.58730697631836
1659,43.25162887573242
1660,39.858585357666016
1661,47.11870193481445
1662,45.42900848388672
1663,52.460968017578125
1664,49.241493225097656
1665,50.845458984375
1666,51.491539001464844
1667,51.390872955322266
1668,54.861148834228516
1669,48.31180191040039
1670,50.263572692871094
1671,52.2931022644043
1672,48.24778747558594
1673,53.598323822021484
1674,46.6036376953125
1675,56.72565841674805
1676,48.762474060058594
1677,54.441524505615234
1678,50.5539665222168
1679,50.238067626953125
1680,44.96685791015625
1681,50.02921676635742
1682,46.26850509643555
1683,50.51949691772461
1684,49.09015655517578
1685,49.376182556152344
1686,50.97433853149414
1687,52.77598571777344
1688,52.818660736083984
1689,48.0916862487793
1690,46.19765090942383
1691,41.160850524902344
1692,38.79814529418945
1693,49.10445785522461
1694,43.74360275268555
1695,49.44820785522461
1696,50.13442611694336
1697,55.800514221191406
1698,55.49431610107422
1699,52.68973922729492
1700,53.92168426513672
1701,49.48399353027344
1702,46.37744903564453
1703,52.49760437011719
1704,44.35616683959961
1705,49.09316635131836
1706,49.01503372192383
1707,48.4110107421875
1708,48.5764045715332
1709,50.48479080200195
1710,51.321563720703125
1711,46.64493179321289
1712,54.19174575805664
1713,44.17548751831055
1714,46.0118408203125
1715,37.73773956298828
1716,39.73147964477539
1717,37.40650939941406
1718,40.16544723510742
1719,41.71129608154297
1720,52.05424499511719
1721,53.981536865234375
1722,54.91611862182617
1723,57.07783126831055
1724,54.30885696411133
1725,57.398582458496094
1726,51.4578742980957
1727,59.02238464355469
1728,52.4810791015625
1729,58.78481674194336
1730,58.75559616088867
1731,58.53703689575195
1732,45.294761657714844
1733,52.074913024902344
1734,57.658878326416016
1735,45.19217300415039
1736,47.88557434082031
1737,44.18666076660156
1738,49.19545364379883
1739,56.19820022583008
1740,52.23369598388672
1741,48.494476318359375
1742,54.887115478515625
1743,48.52409744262695
1744,55.81810760498047
1745,55.20759582519531
1746,57.66983413696289
1747,50.31138610839844
1748,49.39786911010742
1749,54.71361541748047
1750,55.781036376953125
1751,52.7437744140625
1752,49.81886291503906
1753,49.60137176513672
1754,46.42335891723633
1755,50.00074005126953
1756,47.51698684692383
1757,48.322715759277344
1758,54.00914764404297
1759,50.78411865234375
1760,50.40131378173828
1761,59.56370162963867
1762,55.190731048583984
1763,52.505767822265625
1764,53.9239616394043
1765,50.41465759277344
1766,51.9642219543457
1767,46.118289947509766
1768,47.73695755004883
1769,46.27690505981445
1770,55.331974029541016
1771,49.97110366821289
1772,59.4541015625
1773,53.787132263183594
1774,56.93021774291992
1775,52.866031646728516
1776,50.643619537353516
1777,51.07899475097656
1778,49.0084228515625
1779,51.629371643066406
1780,49.156272888183594
1781,51.69050216674805
1782,50.85752868652344
1783,47.993125915527344
1784,49.905426025390625
1785,54.57188415527344
1786,47.65302658081055
1787,50.3680419921875
1788,46.1060791015625
1789,51.97283172607422
1790,51.80974578857422
1791,57.78055191040039
1792,56.14628219604492
1793,55.8277702331543
1794,48.695987701416016
1795,54.34196853637695
1796,45.62625503540039
1797,42.29667663574219
1798,44.462093353271484
1799,44.670494079589844
1800,50.381996154785156
1801,55.6082763671875
1802,53.38492202758789
1803,50.6716423034668
1804,51.853363037109375
1805,49.60307693481445
1806,49.58706283569336
1807,51.87500762939453
1808,53.238006591796875
1809,44.310298919677734
1810,44.68711471557617
1811,48.00325393676758
1812,48.38018035888672
1813,44.16399383544922
1814,46.14744567871094
1815,41.999141693115234
1816,50.7135009765625
1817,45.26321029663086
1818,54.85877990722656
1819,51.282127380371094
1820,48.42877197265625
1821,48.75027847290039
1822,51.079952239990234
1823,47.352516174316406
1824,53.984134674072266
1825,43.65915298461914
1826,50.73331832885742
1827,46.88526916503906
1828,51.273799896240234
1829,51.87873458862305
1830,53.585567474365234
1831,46.56974792480469
1832,48.39764404296875
1833,52.28226089477539
1834,54.9229621887207
1835,61.99300003051758
1836,56.52786636352539
1837,50.982147216796875
1838,57.898231506347656
1839,45.99972915649414
1840,48.199684143066406
1841,48.6849479675293
1842,45.17422103881836
1843,48.94068145751953
1844,49.890167236328125
1845,51.644065856933594
1846,54.41587829589844
1847,43.69608688354492
1848,49.96788024902344
1849,49.587833404541016
1850,48.61870574951172
1851,49.983394622802734
1852,46.2218017578125
1853,52.71940231323242
1854,48.157005310058594
1855,54.701725006103516
1856,61.87609100341797
1857,56.26615905761719
1858,56.626487731933594
1859,57.96881866455078
1860,47.513633728027344
1861,52.188987731933594
1862,48.73695373535156
1863,44.98710632324219
1864,39.772918701171875
1865,45.42839813232422
1866,49.03994369506836
1867,46.794742584228516
1868,48.89052200317383
1869,50.283721923828125
1870,58.24637222290039
1871,60.60364532470703
1872,51.51592254638672
1873,53.269813537597656
1874,53.10763931274414
1875,48.63924789428711
1876,45.53329849243164
1877,46.945945739746094
1878,45.175174713134766
1879,45.06769943237305
1880,42.1562385559082
1881,43.29183578491211
1882,47.620506286621094
1883,45.402313232421875
1884,48.15482711791992
1885,47.2147216796875
1886,42.386871337890625
1887,44.17582702636719
1888,52.036109924316406
1889,47.107669830322266
1890,53.589691162109375
1891,43.72449493408203
1892,38.27490234375
1893,42.90785217285156
1894,37.69611740112305
1895,42.86284637451172
1896,48.45766067504883
1897,48.8279914855957
1898,51.512062072753906
1899,52.07802963256836
1900,52.260231018066406
1901,48.87274169921875
1902,52.012596130371094
1903,54.40578079223633
1904,54.489234924316406
1905,50.227970123291016
1906,57.400794982910156
1907,46.04426574707031
1908,52.75542449951172
1909,48.3853874206543
1910,52.91064453125
1911,50.59160614013672
1912,51.7885627746582
1913,52.22712326049805
1914,50.20106506347656
1915,45.496028900146484
1916,53.687191009521484
1917,50.8138427734375
1918,52.800926208496094
1919,46.051490783691406
1920,46.17417907714844
1921,43.05369186401367
1922,45.54479217529297
1923,46.157649993896484
1924,50.62831115722656
1925,48.268394470214844
1926,51.902381896972656
1927,56.07433319091797
1928,49.71856689453125
1929,46.816917419433594
1930,45.859378814697266
1931,44.01814651489258
1932,42.2874641418457
1933,42.2008171081543
1934,50.501136779785156
1935,56.03651809692383
1936,56.1082878112793
1937,57.424598693847656
1938,54.42256164550781
1939,56.4074821472168
1940,54.89262771606445
1941,50.19606018066406
1942,53.60866165161133
1943,55.43965530395508
1944,61.67701721191406
1945,53.14999771118164
1946,55.4593620300293
1947,49.24977111816406
1948,50.40921401977539
1949,44.3558464050293
1950,49.722110748291016
1951,48.3284912109375
1952,54.520484924316406
1953,53.185935974121094
1954,48.605472564697266
1955,53.855899810791016
1956,54.66109085083008
1957,59.80820083618164
1958,47.84627914428711
1959,54.0125846862793
1960,52.462615966796875
1961,53.5895881652832
1962,49.12153625488281
1963,53.04476547241211
1964,50.54046630859375
1965,57.369327545166016
1966,53.59574508666992
1967,50.37348556518555
1968,56.71581268310547
1969,56.005584716796875
1970,57.18065643310547
1971,54.35195541381836
1972,50.13341522216797
1973,49.87330627441406
1974,44.83803176879883
1975,44.0836181640625
1976,51.92853546142578
1977,56.48772048950195
1978,57.27821731567383
1979,49.47063446044922
1980,52.03558349609375
1981,44.59886932373047
1982,42.1221923828125
1983,50.0074348449707
1984,47.248897552490234
1985,47.23157501220703
1986,55.83882141113281
1987,45.54194259643555
1988,46.3972053527832
1989,56.858497619628906
1990,51.84030532836914
1991,51.6099967956543
1992,56.51715087890625
1993,55.74313735961914
1994,49.020931243896484
1995,46.97804641723633
1996,54.96540069580078
1997,48.361328125
1998,57.105804443359375
1999,55.77910614013672
2000,48.5866813659668
2001,54.71589279174805
2002,45.557945251464844
2003,55.282310485839844
2004,54.193275451660156
2005,51.734397888183594
2006,53.17478942871094
2007,52.60830307006836
2008,51.53411102294922
2009,53.41935348510742
2010,51.88164520263672
2011,50.1279296875
2012,54.41781234741211
2013,44.4139289855957
2014,44.4075813293457
2015,55.04257583618164
2016,42.11677169799805
2017,47.79422378540039
2018,53.67429733276367
2019,48.7048225402832
2020,52.11160659790039
2021,48.023170471191406
2022,56.07363510131836
2023,57.41571807861328
2024,54.14851379394531
2025,55.208187103271484
2026,53.67679977416992
2027,55.876773834228516
2028,57.26469802856445
2029,60.85449981689453
2030,56.97801971435547
2031,53.5119514465332
2032,51.9656982421875
2033,52.52958679199219
2034,54.556339263916016
2035,51.613216400146484
2036,51.0025634765625
2037,57.11428451538086
2038,59.431968688964844
2039,51.110774993896484
2040,53.98441696166992
2041,56.12260818481445
2042,58.448116302490234
2043,57.77970886230469
2044,51.341468811035156
2045,53.1574821472168
2046,51.79498291015625
2047,50.882423400878906
2048,44.62657165527344
2049,51.89682388305664
2050,53.763431549072266
2051,58.51223373413086
2052,65.36503601074219
2053,63.99849319458008
2054,61.99542236328125
2055,46.238426208496094
2056,46.6103515625
2057,50.253841400146484
2058,50.87873840332031
2059,58.520206451416016
2060,48.24935531616211
2061,58.011024475097656
2062,58.769439697265625
2063,56.43754196166992
2064,62.07005310058594
2065,51.74003219604492
2066,53.56116485595703
2067,44.676700592041016
2068,39.405399322509766
2069,50.79253387451172
2070,51.66203689575195
2071,56.07188415527344
2072,56.43614196777344
2073,46.180728912353516
2074,56.560829162597656
2075,53.20597457885742
2076,46.96043395996094
2077,57.271095275878906
2078,55.32782745361328
2079,59.44973373413086
2080,51.234737396240234
2081,56.56173324584961
2082,51.87760543823242
2083,57.67599868774414
2084,54.78682327270508
2085,47.85247039794922
2086,50.13353729248047
2087,53.26015090942383
2088,55.64856719970703
2089,60.5921745300293
2090,55.642189025878906
2091,51.46015930175781
2092,54.5502815246582
2093,54.31402587890625
2094,60.896793365478516
2095,56.285037994384766
2096,54.33769226074219
2097,49.6973876953125
2098,50.96915817260742
2099,47.8671875
2100,55.03450012207031
2101,53.12166976928711
2102,54.1891975402832
2103,50.40364074707031
2104,49.9932746887207
2105,43.92609786987305
2106,46.91569519042969
2107,56.78769302368164
2108,54.32018280029297
2109,55.95853805541992
2110,55.89460754394531
2111,53.20536422729492
2112,55.01613235473633
2113,50.24281692504883
2114,58.524959564208984
2115,53.7792854309082
2116,56.351646423339844
2117,55.83525085449219
2118,62.561378479003906
2119,57.728172302246094
2120,62.67168045043945
2121,59.635101318359375
2122,54.166412353515625
2123,54.21800994873047
2124,51.98749542236328
2125,57.22339630126953
2126,55.71043395996094
2127,55.10859298706055
2128,56.245765686035156
2129,45.026668548583984
2130,56.6692008972168
2131,52.0468635559082
2132,55.754058837890625
2133,57.95622634887695
2134,55.43545150756836
2135,53.292869567871094
2136,56.230712890625
2137,58.55793380737305
2138,51.642494201660156
2139,52.79770278930664
2140,57.14137268066406
2141,45.830238342285156
2142,52.45658874511719
2143,52.97842788696289
2144,52.96915054321289
2145,57.542816162109375
2146,53.05275344848633
2147,49.779823303222656
2148,54.15692138671875
2149,56.00792694091797
2150,55.26207733154297
2151,60.50240707397461
2152,62.16986083984375
2153,54.68800354003906
2154,59.49897384643555
2155,62.59805679321289
2156,56.87628173828125
2157,54.20233917236328
2158,52.5638542175293
2159,49.7950325012207
2160,56.390560150146484
2161,58.7591438293457
2162,57.268856048583984
2163,61.04120635986328
2164,55.883975982666016
2165,50.37248992919922
2166,49.962501525878906
2167,47.662166595458984
2168,50.233863830566406
2169,55.38402557373047
2170,54.6365852355957
2171,55.886070251464844
2172,62.00056838989258
2173,62.066192626953125
2174,51.309974670410156
2175,59.06749725341797
2176,58.74887466430664
2177,53.549808502197266
2178,57.074466705322266
2179,53.06148910522461
2180,54.1412353515625
2181,49.43632507324219
2182,57.67404556274414
2183,53.43260955810547
2184,56.47151184082031
2185,52.441368103027344
2186,57.81492233276367
2187,62.830528259277344
2188,64.56649780273438
2189,61.58946228027344
2190,59.13993453979492
2191,60.27067565917969
2192,55.36398696899414
2193,53.10687255859375
2194,55.21787643432617
2195,55.68092346191406
2196,56.63118362426758
2197,57.86491775512695
2198,66.15018463134766
2199,54.51985549926758
2200,68.2861328125
2201,55.25275421142578
2202,58.19927215576172
2203,58.652076721191406
2204,68.47521209716797
2205,68.15311431884766
2206,54.486961364746094
2207,63.3749885559082
2208,66.42155456542969
2209,64.77940368652344
2210,62.38616180419922
2211,63.380821228027344
2212,56.736080169677734
2213,62.81592559814453
2214,60.53802490234375
2215,70.96879577636719
2216,62.381168365478516
2217,71.75209045410156
2218,62.11435317993164
2219,62.60429000854492
2220,69.7395248413086
2221,66.71336364746094
2222,64.91863250732422
2223,64.92887115478516
2224,63.875144958496094
2225,69.45465850830078
2226,65.69845581054688
2227,67.29977416992188
2228,59.31547927856445
2229,64.48442840576172
2230,64.41568756103516
2231,64.05374145507812
2232,61.21979522705078
2233,59.03974533081055
2234,57.886016845703125
2235,64.3718032836914
2236,67.12745666503906
2237,56.8871955871582
2238,70.50544738769531
2239,63.9686164855957
2240,59.96596145629883
2241,61.91474533081055
2242,52.882347106933594
2243,56.03956604003906
2244,56.77800750732422
2245,60.04368209838867
2246,69.05892181396484
2247,62.91029357910156
2248,56.38896942138672
2249,55.93338394165039
2250,58.644874572753906
2251,58.403778076171875
2252,56.10869598388672
2253,53.98738098144531
2254,59.640010833740234
2255,58.81291961669922
2256,69.02079010009766
2257,68.8624267578125
2258,64.96514129638672
2259,60.414215087890625
2260,55.925209045410156
2261,61.40497970581055
2262,68.27204895019531
2263,64.70948028564453
2264,60.68579864501953
2265,64.94114685058594
2266,62.995765686035156
2267,62.8887825012207
2268,67.39403533935547
2269,63.30794906616211
2270,59.70768356323242
2271,63.58884048461914
2272,61.41297149658203
2273,54.255165100097656
2274,59.259037017822266
2275,60.09465789794922
2276,58.24578094482422
2277,64.97132873535156
2278,71.59902954101562
2279,73.33070373535156
2280,62.901878356933594
2281,65.13233947753906
2282,61.614803314208984
2283,66.90061950683594
2284,61.06709289550781
2285,67.70355224609375
2286,73.23509979248047
2287,70.89549255371094
2288,59.05092239379883
2289,64.88341522216797
2290,69.79269409179688
2291,72.5091781616211
2292,64.5960693359375
2293,66.43131256103516
2294,63.76153564453125
2295,69.0025405883789
2296,68.4073257446289
2297,59.275699615478516
2298,60.26352310180664
2299,58.667545318603516
2300,64.36327362060547
2301,67.66826629638672
2302,66.87672424316406
2303,66.8343734741211
2304,68.38903045654297
2305,66.77049255371094
2306,59.81351089477539
2307,55.95901870727539
2308,68.28028106689453
2309,67.69248962402344
2310,67.9145736694336
2311,62.69835662841797
2312,63.24299621582031
2313,65.67704010009766
2314,72.84475708007812
2315,61.5101318359375
2316,65.94207000732422
2317,62.299583435058594
2318,67.3152847290039
2319,60.42491912841797
2320,70.56136322021484
2321,65.4161148071289
2322,62.529640197753906
2323,66.38851165771484
2324,76.93782806396484
2325,74.11701202392578
2326,67.19889068603516
2327,74.40270233154297
2328,73.04795837402344
2329,59.68906021118164
2330,74.84825897216797
2331,66.04466247558594
2332,59.93053436279297
2333,67.69808197021484
2334,55.66856002807617
2335,66.68399810791016
2336,63.20491027832031
2337,67.2239990234375
2338,67.57073211669922
2339,60.25685501098633
2340,70.69581604003906
2341,73.56758880615234
2342,68.74364471435547
2343,67.07925415039062
2344,67.36131286621094
2345,68.76859283447266
2346,58.26313400268555
2347,57.92796325683594
2348,70.4594497680664
2349,70.94023895263672
2350,62.945438385009766
2351,67.58443450927734
2352,58.418067932128906
2353,63.3259391784668
2354,61.08587646484375
2355,59.947662353515625
2356,62.80393981933594
2357,68.02336120605469
2358,72.09652709960938
2359,53.41831588745117
2360,62.55531692504883
2361,56.85981750488281
2362,63.17594909667969
2363,68.7392578125
2364,73.62118530273438
2365,65.39136505126953
2366,74.87757873535156
2367,81.35176086425781
2368,69.78499603271484
2369,54.89616394042969
2370,57.93914031982422
2371,59.05059814453125
2372,65.29257202148438
2373,56.12405776977539
2374,69.25371551513672
2375,66.07710266113281
2376,69.2051773071289
2377,64.55189514160156
2378,67.34417724609375
2379,70.47917938232422
2380,66.10099029541016
2381,69.24601745605469
2382,64.55402374267578
2383,72.00575256347656
2384,71.07327270507812
2385,64.22361755371094
2386,69.66310119628906
2387,74.98458862304688
2388,66.35709381103516
2389,65.5374984741211
2390,64.76887512207031
2391,73.50189971923828
2392,70.78700256347656
2393,67.60901641845703
2394,70.17855834960938
2395,75.8116455078125
2396,74.18124389648438
2397,71.93190002441406
2398,67.96463012695312
2399,67.48341369628906
2400,63.7867317199707
2401,56.930274963378906
2402,66.462158203125
2403,64.91156005859375
2404,65.02928924560547
2405,60.223411560058594
2406,66.70797729492188
2407,65.70538330078125
2408,58.00614547729492
2409,64.34919738769531
2410,67.00813293457031
2411,67.13832092285156
2412,64.22742462158203
2413,68.83599853515625
2414,72.65938568115234
2415,66.68663787841797
2416,67.33407592773438
2417,62.64299774169922
2418,68.36053466796875
2419,61.4300537109375
2420,59.37692642211914
2421,68.00082397460938
2422,75.33074951171875
2423,68.72503662109375
2424,65.08781433105469
2425,68.7247085571289
2426,57.85560989379883
2427,64.75566101074219
2428,63.04690933227539
2429,65.47017669677734
2430,63.16775894165039
2431,67.28022003173828
2432,71.2996826171875
2433,67.66603088378906
2434,64.59259796142578
2435,69.86141204833984
2436,61.029205322265625
2437,64.7740249633789
2438,59.875606536865234
2439,69.41569519042969
2440,71.0955581665039
2441,63.926815032958984
2442,60.634639739990234
2443,70.2501220703125
2444,73.86506652832031
2445,69.33935546875
2446,66.40361022949219
2447,63.91722869873047
2448,66.15758514404297
2449,66.25408172607422
2450,59.55253601074219
2451,65.81842803955078
2452,71.09766387939453
2453,58.6058235168457
2454,61.34817123413086
2455,69.26055908203125
2456,58.549442291259766
2457,61.20128631591797
2458,65.01734924316406
2459,67.09752655029297
2460,71.79541778564453
2461,62.05200958251953
2462,64.12173461914062
2463,62.305049896240234
2464,54.54191970825195
2465,61.88108444213867
2466,55.69319152832031
2467,66.5760726928711
2468,64.86935424804688
2469,67.46710968017578
2470,65.16812133789062
2471,69.230224609375
2472,66.32276153564453
2473,64.7214584350586
2474,68.783447265625
2475,68.54936218261719
2476,70.7245101928711
2477,60.275390625
2478,64.7317123413086
2479,54.11264419555664
2480,63.13824462890625
2481,62.78016662597656
2482,66.60775756835938
2483,68.71202087402344
2484,68.26295471191406
2485,63.13269805908203
2486,70.6972885131836
2487,70.89063262939453
2488,62.57612228393555
2489,63.48108673095703
2490,57.49291229248047
2491,61.04850387573242
2492,57.869361877441406
2493,59.74568176269531
2494,62.34208679199219
2495,69.77577209472656
2496,66.94426727294922
2497,64.5373306274414
2498,70.1842269897461
2499,68.99080657958984
