0,21.14215087890625
1,96.96214294433594
2,86.53900146484375
3,35.19078063964844
4,33.83721160888672
5,97.67687225341797
6,96.98374938964844
7,96.95491027832031
8,37.66301727294922
9,29.989683151245117
10,96.2659912109375
11,-7.615140438079834
12,98.37939453125
13,89.02920532226562
14,92.93026733398438
15,98.06746673583984
16,97.60382080078125
17,35.1525993347168
18,93.26423645019531
19,97.51133728027344
20,98.35995483398438
21,95.76687622070312
22,39.50059509277344
23,98.33718872070312
24,98.8974838256836
25,98.1257553100586
26,98.47274017333984
27,98.62939453125
28,42.556053161621094
29,42.797630310058594
30,88.53155517578125
31,98.6405258178711
32,98.76775360107422
33,96.2155990600586
34,98.86165618896484
35,98.85747528076172
36,98.76109313964844
37,98.30326843261719
38,97.00041961669922
39,44.543556213378906
40,95.66217041015625
41,96.44573974609375
42,94.95406341552734
43,97.36181640625
44,45.945892333984375
45,95.38411712646484
46,97.31999206542969
47,87.18707275390625
48,95.39152526855469
49,37.94195556640625
50,43.712059020996094
51,95.89546203613281
52,37.139312744140625
53,41.60561752319336
54,94.5051498413086
55,96.59194946289062
56,96.23002624511719
57,43.38724899291992
58,79.80355072021484
59,98.04576110839844
60,96.362548828125
61,96.56584930419922
62,98.41827392578125
63,94.0001449584961
64,43.46882629394531
65,97.0501708984375
66,98.69221496582031
67,97.28704071044922
68,98.85832214355469
69,98.90193176269531
70,97.41184997558594
71,96.7774658203125
72,94.56242370605469
73,96.9087142944336
74,98.5032958984375
75,98.83358001708984
76,98.7424545288086
77,94.96241760253906
78,98.61936950683594
79,98.68526458740234
80,98.92582702636719
81,98.43606567382812
82,98.80108642578125
83,98.87052917480469
84,98.34242248535156
85,98.43965148925781
86,97.86273193359375
87,96.32664489746094
88,98.49378967285156
89,96.33763122558594
90,98.79329681396484
91,98.78663635253906
92,94.4814682006836
93,97.8927001953125
94,97.76852416992188
95,94.81742858886719
96,98.44654846191406
97,98.8277587890625
98,98.3946533203125
99,92.75314331054688
100,93.75035095214844
101,98.61775970458984
102,98.4369125366211
103,98.3927001953125
104,98.35076904296875
105,97.78550720214844
106,98.60298156738281
107,98.27099609375
108,97.86848449707031
109,98.68606567382812
110,98.3130111694336
111,97.54217529296875
112,98.86775970458984
113,98.80470275878906
114,98.85414123535156
115,89.8575668334961
116,97.92550659179688
117,98.74746704101562
118,98.30357360839844
119,98.67330169677734
120,94.9187240600586
121,95.65623474121094
122,96.50599670410156
123,97.1032943725586
124,98.43161010742188
125,96.18852233886719
126,97.38646697998047
127,97.47301483154297
128,98.72274017333984
129,98.7874755859375
130,98.83442687988281
131,98.72357177734375
132,98.89860534667969
133,98.73357391357422
134,98.87193298339844
135,98.302978515625
136,98.63052368164062
137,97.92266082763672
138,98.31631469726562
139,98.89414978027344
140,98.32357788085938
141,94.726318359375
142,98.5013656616211
143,98.48442077636719
144,98.45742797851562
145,98.3702392578125
146,98.6808090209961
147,98.13518524169922
148,98.71746826171875
149,98.68193054199219
150,98.2607650756836
151,98.06673431396484
152,98.80192565917969
153,98.71746826171875
154,97.84269714355469
155,98.88221740722656
156,98.08329772949219
157,97.97856140136719
158,98.41940307617188
159,97.95326232910156
160,97.5902099609375
161,98.377197265625
162,98.76136779785156
163,98.28831481933594
164,98.26579284667969
165,94.0499267578125
166,98.78385925292969
167,98.72080993652344
168,98.59690856933594
169,98.67718505859375
170,95.2327880859375
171,91.93888854980469
172,94.57335662841797
173,96.14767456054688
174,95.06291198730469
175,95.36087036132812
176,97.89634704589844
177,98.7241439819336
178,98.41691589355469
179,98.54771423339844
180,98.75498962402344
181,97.51739501953125
182,96.83129119873047
183,97.52133178710938
184,98.02935791015625
185,98.35494232177734
186,97.77964782714844
187,98.28329467773438
188,98.37358093261719
189,97.67442321777344
190,97.93301391601562
191,96.8727035522461
192,98.54329681396484
193,98.36442565917969
194,98.61137390136719
195,98.70301818847656
196,98.5074691772461
197,95.5332260131836
198,98.18635559082031
199,98.82164764404297
200,98.20301818847656
201,98.703857421875
202,98.41109466552734
203,98.39414978027344
204,98.44133758544922
205,98.39775848388672
206,98.81053161621094
207,98.69081115722656
208,98.72080993652344
209,98.185791015625
210,97.3727035522461
211,97.89799499511719
212,98.7310791015625
213,97.84330749511719
214,98.30718994140625
215,97.30386352539062
216,98.32359313964844
217,98.2471923828125
218,98.38996887207031
219,97.62330627441406
220,98.61302185058594
221,98.19132995605469
222,98.5777587890625
223,98.54136657714844
224,98.27245330810547
225,98.72775268554688
226,98.18301391601562
227,98.00109100341797
228,97.05077362060547
229,98.06077575683594
230,97.935791015625
231,98.53634643554688
232,98.50080871582031
233,98.69441986083984
234,98.6738510131836
235,97.34776306152344
236,96.61407470703125
237,96.76881408691406
238,97.7735824584961
239,98.5516586303711
240,98.30189514160156
241,97.97940063476562
242,98.7422103881836
243,98.66109466552734
244,98.54634857177734
245,97.87466430664062
246,98.33799743652344
247,98.3199691772461
248,98.58470153808594
249,98.22052001953125
250,98.03330993652344
251,98.30025482177734
252,98.53527069091797
253,97.69828796386719
254,98.18302917480469
255,97.8765869140625
256,98.40719604492188
257,97.0240707397461
258,96.36680603027344
259,97.66575622558594
260,98.26690673828125
261,98.4549789428711
262,97.719970703125
263,97.5268783569336
264,98.36080169677734
265,98.2099609375
266,98.33747863769531
267,98.15386199951172
268,98.61747741699219
269,98.54747772216797
270,97.512451171875
271,97.06603240966797
272,96.30217742919922
273,97.99913024902344
274,97.80551147460938
275,98.20884704589844
276,97.3863525390625
277,97.7626953125
278,97.14909362792969
279,97.830810546875
280,98.13194274902344
281,98.191650390625
282,98.27330017089844
283,98.25719451904297
284,98.50804138183594
285,98.21940612792969
286,98.72859954833984
287,98.39775848388672
288,97.8655014038086
289,98.47190856933594
290,97.50274658203125
291,97.3291244506836
292,98.17330169677734
293,98.18053436279297
294,98.34831237792969
295,98.23079681396484
296,98.48081970214844
297,98.1991195678711
298,98.0913314819336
299,97.29490661621094
300,97.74578857421875
301,97.4280014038086
302,97.29940795898438
303,97.3938217163086
304,97.06743621826172
305,97.78607177734375
306,95.1507797241211
307,97.10105895996094
308,95.17716979980469
309,94.68849182128906
310,96.86385345458984
311,97.39025115966797
312,96.49410247802734
313,97.6963119506836
314,98.07494354248047
315,98.18771362304688
316,97.08883666992188
317,97.62077331542969
318,97.91856384277344
319,96.86803436279297
320,98.59859466552734
321,95.86747741699219
322,94.84578704833984
323,98.38414001464844
324,98.18109130859375
325,96.88298034667969
326,94.67410278320312
327,96.07379150390625
328,97.3524169921875
329,97.57635498046875
330,95.68049621582031
331,95.33351135253906
332,97.4491195678711
333,97.24968719482422
334,96.06968688964844
335,94.9774398803711
336,94.75523376464844
337,95.12908935546875
338,94.89434814453125
339,92.25848388671875
340,95.4776840209961
341,96.5541000366211
342,96.5838623046875
343,96.66185760498047
344,96.16912078857422
345,96.44076538085938
346,95.26713562011719
347,97.4044189453125
348,93.75716400146484
349,97.15911865234375
350,95.26968383789062
351,96.45635986328125
352,94.61688232421875
353,94.58101654052734
354,95.8565902709961
355,95.98434448242188
356,94.02189636230469
357,96.30467224121094
358,94.42704772949219
359,96.60213470458984
360,93.37322235107422
361,92.06423950195312
362,93.87290954589844
363,93.86880493164062
364,95.81744384765625
365,96.40715026855469
366,96.88330078125
367,95.7115707397461
368,95.8626937866211
369,96.39299011230469
370,95.423828125
371,95.15077209472656
372,95.00575256347656
373,93.10961151123047
374,91.69344329833984
375,92.4920654296875
376,92.05186462402344
377,95.2598876953125
378,95.5824203491211
379,96.34466552734375
380,95.23434448242188
381,93.9504623413086
382,93.7085189819336
383,94.46519470214844
384,92.68984985351562
385,92.4110107421875
386,95.02467346191406
387,95.02932739257812
388,94.72129821777344
389,95.92354583740234
390,96.12298583984375
391,95.2777099609375
392,95.49020385742188
393,95.61936950683594
394,94.78575134277344
395,92.51066589355469
396,92.83488464355469
397,94.95855712890625
398,93.88462829589844
399,94.98045349121094
400,95.06298065185547
401,92.68438720703125
402,94.20768737792969
403,92.18013763427734
404,93.21343231201172
405,92.49797058105469
406,92.9876708984375
407,94.00066375732422
408,91.75572204589844
409,94.57157897949219
410,91.71185302734375
411,94.60604095458984
412,93.23631286621094
413,94.44383239746094
414,92.88298034667969
415,92.50069427490234
416,93.4512939453125
417,93.54964447021484
418,94.75270080566406
419,92.9718246459961
420,91.76104736328125
421,90.76788330078125
422,88.05796813964844
423,90.94570922851562
424,92.44764709472656
425,93.61796569824219
426,90.59263610839844
427,92.69406127929688
428,93.2137451171875
429,91.19683837890625
430,91.75129699707031
431,89.74354553222656
432,93.61956787109375
433,89.48869323730469
434,88.80062103271484
435,90.6212158203125
436,91.52294158935547
437,91.16070556640625
438,92.257080078125
439,92.16515350341797
440,92.52706909179688
441,92.48838806152344
442,88.29179382324219
443,89.57301330566406
444,93.38737487792969
445,93.89399719238281
446,90.13711547851562
447,90.24519348144531
448,90.66121673583984
449,89.88009643554688
450,87.85740661621094
451,91.89227294921875
452,89.39122009277344
453,89.3028793334961
454,89.55157470703125
455,92.78070068359375
456,91.58486938476562
457,94.57548522949219
458,91.81455993652344
459,91.5609359741211
460,93.68880462646484
461,95.59048461914062
462,92.73626708984375
463,94.66048431396484
464,90.70628356933594
465,91.34456634521484
466,91.50182342529297
467,91.87239074707031
468,94.30462646484375
469,91.65728759765625
470,89.90873718261719
471,90.26399993896484
472,91.28121948242188
473,88.5450439453125
474,89.02986145019531
475,89.26732635498047
476,91.12872314453125
477,93.74908447265625
478,91.5634765625
479,91.6609115600586
480,88.8454818725586
481,87.59258270263672
482,88.68704223632812
483,85.85247802734375
484,89.16732025146484
485,92.31455993652344
486,90.86143493652344
487,91.87872314453125
488,91.43547058105469
489,90.39312744140625
490,92.0096435546875
491,88.47985076904297
492,88.79876708984375
493,89.51458740234375
494,89.74375915527344
495,94.20125579833984
496,91.49708557128906
497,92.51375579833984
498,90.54793548583984
499,93.75102233886719
500,89.93708801269531
501,91.0859603881836
502,91.30781555175781
503,92.04177856445312
504,93.52238464355469
505,93.1893310546875
506,94.9931869506836
507,91.1151123046875
508,91.85154724121094
509,89.2475814819336
510,88.83702087402344
511,87.50093841552734
512,88.49867248535156
513,88.39508056640625
514,90.74174499511719
515,88.4570541381836
516,91.45540618896484
517,90.41375732421875
518,89.08171844482422
519,90.66455078125
520,87.37813568115234
521,89.61363983154297
522,88.42561340332031
523,93.139892578125
524,93.89546966552734
525,89.31146240234375
526,93.1562728881836
527,90.52593231201172
528,87.76153564453125
529,86.60726165771484
530,89.06761169433594
531,88.35680389404297
532,90.89013671875
533,87.88119506835938
534,89.40512084960938
535,88.05532836914062
536,87.21255493164062
537,88.00728607177734
538,90.07647705078125
539,86.6236801147461
540,87.1079330444336
541,91.30491638183594
542,88.01789855957031
543,85.06268310546875
544,94.4870834350586
545,85.26280212402344
546,85.52613830566406
547,90.8051986694336
548,90.62737274169922
549,87.138916015625
550,88.27230834960938
551,89.09038543701172
552,90.2622299194336
553,86.7906494140625
554,86.5250473022461
555,84.51669311523438
556,87.09922790527344
557,87.32785034179688
558,87.4784164428711
559,86.9634017944336
560,88.54451751708984
561,87.15423583984375
562,88.21065521240234
563,87.7630844116211
564,87.47264099121094
565,86.69557189941406
566,89.87010192871094
567,83.86750030517578
568,87.80470275878906
569,85.67733001708984
570,85.69612884521484
571,91.33680725097656
572,86.8389892578125
573,85.63624572753906
574,88.09288024902344
575,83.79196166992188
576,84.54721069335938
577,85.65396118164062
578,84.82613372802734
579,86.79508972167969
580,87.53179168701172
581,83.64027404785156
582,86.7024154663086
583,84.2630844116211
584,84.55778503417969
585,84.2366943359375
586,83.0816421508789
587,85.22419738769531
588,85.15003204345703
589,86.68135833740234
590,85.20329284667969
591,84.38668823242188
592,89.3392562866211
593,83.84248352050781
594,85.33584594726562
595,88.76898193359375
596,85.23231506347656
597,85.6181640625
598,84.17027282714844
599,87.06539916992188
600,82.07232666015625
601,84.82027435302734
602,84.63553619384766
603,84.55903625488281
604,86.57552337646484
605,85.89476776123047
606,87.4472885131836
607,85.41973876953125
608,84.14137268066406
609,82.12493896484375
610,85.37312316894531
611,80.90799713134766
612,85.16529846191406
613,84.3366928100586
614,88.14645385742188
615,83.21553802490234
616,84.10476684570312
617,84.13581848144531
618,85.87174987792969
619,85.97810363769531
620,84.62344360351562
621,83.05171966552734
622,85.16203308105469
623,87.332275390625
624,85.40472412109375
625,83.00946807861328
626,84.91535949707031
627,84.28947448730469
628,88.49480438232422
629,84.03023529052734
630,85.10589599609375
631,86.048583984375
632,86.258056640625
633,85.61203002929688
634,85.82720947265625
635,86.22423553466797
636,85.6429672241211
637,86.53312683105469
638,83.48284149169922
639,86.04119110107422
640,83.5750961303711
641,84.69395446777344
642,82.21996307373047
643,85.36143493652344
644,82.4666976928711
645,87.86750793457031
646,86.47308349609375
647,85.05921936035156
648,83.81883239746094
649,86.004638671875
650,85.73837280273438
651,83.16838836669922
652,84.20360565185547
653,84.51023864746094
654,83.59693908691406
655,85.55950927734375
656,83.58666229248047
657,83.19606018066406
658,85.51107788085938
659,86.47027587890625
660,84.6883773803711
661,84.33255004882812
662,82.28359985351562
663,84.90971374511719
664,86.99922943115234
665,85.94535827636719
666,84.19139099121094
667,84.57112121582031
668,84.122802734375
669,86.36978149414062
670,87.99199676513672
671,86.58233642578125
672,84.70785522460938
673,85.933349609375
674,86.18553161621094
675,85.72704315185547
676,84.29589080810547
677,85.94480895996094
678,85.83203125
679,84.76947021484375
680,85.79949951171875
681,82.65031433105469
682,84.0075454711914
683,83.96501159667969
684,84.47195434570312
685,86.0936508178711
686,85.68672943115234
687,84.47111511230469
688,82.66411590576172
689,83.99212646484375
690,84.18336486816406
691,84.07421112060547
692,83.49940490722656
693,82.6605224609375
694,86.09983825683594
695,84.14199829101562
696,85.18228149414062
697,86.08091735839844
698,85.92424011230469
699,86.65645599365234
700,85.71255493164062
701,83.97908020019531
702,82.51434326171875
703,83.02423858642578
704,87.18400573730469
705,84.9503173828125
706,85.71087646484375
707,86.23248291015625
708,84.47388458251953
709,85.89021301269531
710,85.10758209228516
711,84.15806579589844
712,84.25360870361328
713,84.51410675048828
714,86.95561218261719
715,86.52725219726562
716,86.04332733154297
717,83.33333587646484
718,85.3678207397461
719,81.54219818115234
720,85.3448486328125
721,85.14452362060547
722,84.67890930175781
723,84.943359375
724,83.69476318359375
725,83.16049194335938
726,82.43121337890625
727,80.6810073852539
728,85.28203582763672
729,82.32420349121094
730,84.72561645507812
731,81.90681457519531
732,83.99082946777344
733,86.8242416381836
734,87.35479736328125
735,84.44392395019531
736,87.72123718261719
737,84.5694351196289
738,84.274169921875
739,83.08500671386719
740,84.08134460449219
741,83.60829162597656
742,85.85223388671875
743,83.33786010742188
744,82.89085388183594
745,82.8057861328125
746,83.4294662475586
747,81.60198974609375
748,84.60281372070312
749,82.2281494140625
750,83.61925506591797
751,85.9723129272461
752,86.16160583496094
753,84.24617004394531
754,87.2490234375
755,86.44171142578125
756,83.95683288574219
757,83.41922760009766
758,84.26220703125
759,85.42506408691406
760,84.25473022460938
761,83.85536193847656
762,83.75152587890625
763,81.95367431640625
764,84.01497650146484
765,83.23886108398438
766,88.8106689453125
767,86.76988220214844
768,84.6375732421875
769,84.08673095703125
770,87.91339111328125
771,84.27139282226562
772,83.88648986816406
773,86.23921966552734
774,89.00862121582031
775,89.99595642089844
776,84.61837768554688
777,87.6731185913086
778,85.03248596191406
779,87.96560668945312
780,85.76861572265625
781,86.76925659179688
782,85.02255249023438
783,84.43505859375
784,86.63255310058594
785,84.17528533935547
786,87.33648681640625
787,86.42086791992188
788,84.05810546875
789,85.69340515136719
790,86.55119323730469
791,84.32612609863281
792,87.85311126708984
793,84.34780883789062
794,89.01652526855469
795,86.11613464355469
796,85.76726531982422
797,86.22118377685547
798,84.44998168945312
799,85.4020004272461
800,84.08155822753906
801,84.39305114746094
802,86.71311950683594
803,83.83553314208984
804,89.72288513183594
805,85.06977844238281
806,87.26255798339844
807,84.50032043457031
808,85.78251647949219
809,84.96914672851562
810,89.25508880615234
811,83.42002868652344
812,86.76174926757812
813,89.08146667480469
814,87.25062561035156
815,84.85640716552734
816,86.36091613769531
817,86.54708099365234
818,84.75914764404297
819,88.49813079833984
820,86.38932800292969
821,87.51785278320312
822,84.9424819946289
823,86.57476806640625
824,85.2561264038086
825,87.48062133789062
826,85.40480041503906
827,84.65058898925781
828,85.07806396484375
829,85.13290405273438
830,82.98153686523438
831,86.18421936035156
832,85.84645080566406
833,84.06745910644531
834,85.0293960571289
835,87.868408203125
836,84.95118713378906
837,87.12258911132812
838,85.1494140625
839,86.09196472167969
840,87.79371643066406
841,85.72755432128906
842,88.35006713867188
843,84.76226806640625
844,84.3433609008789
845,86.483642578125
846,90.45147705078125
847,84.65416717529297
848,88.46539306640625
849,88.18758392333984
850,85.03118896484375
851,86.2317123413086
852,88.04090881347656
853,86.2347640991211
854,86.87945556640625
855,83.7701644897461
856,86.06858825683594
857,86.1134262084961
858,85.30428314208984
859,84.74859619140625
860,86.45231628417969
861,84.29304504394531
862,85.40869140625
863,83.0964126586914
864,84.83605194091797
865,83.14033508300781
866,86.4856185913086
867,85.94874572753906
868,85.72533416748047
869,86.10511779785156
870,87.6242904663086
871,85.53451538085938
872,84.86841583251953
873,87.03779602050781
874,86.90118408203125
875,85.01536560058594
876,86.26455688476562
877,83.44275665283203
878,85.26561737060547
879,82.88449096679688
880,84.5846939086914
881,84.69554901123047
882,85.20167541503906
883,84.77152252197266
884,84.47911834716797
885,83.7844467163086
886,85.92698669433594
887,83.98501586914062
888,84.22505187988281
889,85.08967590332031
890,84.27223205566406
891,86.39753723144531
892,85.76644897460938
893,83.50782775878906
894,89.36592864990234
895,83.94186401367188
896,85.11672973632812
897,84.88560485839844
898,90.24400329589844
899,86.66062927246094
900,84.84312438964844
901,86.16564178466797
902,84.12890625
903,84.27104187011719
904,87.100341796875
905,84.55779266357422
906,84.67645263671875
907,86.7669677734375
908,86.60617065429688
909,86.74034118652344
910,86.65058898925781
911,84.76666259765625
912,88.73979187011719
913,88.23509216308594
914,84.85284423828125
915,86.85063171386719
916,87.21055603027344
917,84.46420288085938
918,85.26031494140625
919,87.27536010742188
920,85.06167602539062
921,81.07588195800781
922,84.2491455078125
923,86.12007141113281
924,89.47371673583984
925,87.2611083984375
926,87.5923080444336
927,86.46830749511719
928,87.56258392333984
929,87.49483489990234
930,84.93806457519531
931,90.2033920288086
932,83.46540069580078
933,87.16537475585938
934,84.13753509521484
935,83.49626159667969
936,83.97413635253906
937,84.3338851928711
938,86.88585662841797
939,84.27606201171875
940,90.6639633178711
941,89.07508850097656
942,86.2658920288086
943,86.50897216796875
944,86.57476806640625
945,84.82341003417969
946,86.21662902832031
947,85.32670593261719
948,87.33786010742188
949,87.85094451904297
950,86.72198486328125
951,87.4878158569336
952,86.31865692138672
953,87.50505065917969
954,88.97593688964844
955,85.99308776855469
956,85.57469940185547
957,87.22581481933594
958,85.90312194824219
959,85.21441650390625
960,86.8933334350586
961,85.3699951171875
962,86.79283142089844
963,85.21282958984375
964,87.46638488769531
965,87.4634017944336
966,86.7667236328125
967,84.47027587890625
968,87.6056137084961
969,86.11312103271484
970,83.76329040527344
971,83.64814758300781
972,85.82533264160156
973,84.12368774414062
974,85.45455169677734
975,85.73199462890625
976,87.21504974365234
977,85.98873138427734
978,87.46023559570312
979,88.85223388671875
980,87.43284606933594
981,87.017578125
982,87.17171478271484
983,86.31504821777344
984,84.41329193115234
985,89.40343475341797
986,92.31571960449219
987,85.4292221069336
988,92.72235107421875
989,91.74041748046875
990,91.6114730834961
991,86.07613372802734
992,86.59785461425781
993,89.7464599609375
994,85.86003112792969
995,86.89814758300781
996,84.38856506347656
997,87.81903076171875
998,87.94340515136719
999,87.10006713867188
1000,86.53921508789062
1001,86.6548080444336
1002,86.37593078613281
1003,85.92000579833984
1004,87.6328353881836
1005,84.75086975097656
1006,88.53785705566406
1007,88.18340301513672
1008,90.1295394897461
1009,83.7427978515625
1010,87.6576156616211
1011,87.23424530029297
1012,88.9984130859375
1013,84.33963775634766
1014,87.05195617675781
1015,85.60286712646484
1016,86.35469818115234
1017,89.22621154785156
1018,87.8706283569336
1019,85.31224060058594
1020,86.9189453125
1021,87.6970443725586
1022,86.07011413574219
1023,85.32421875
1024,83.0537109375
1025,84.33136749267578
1026,87.1195068359375
1027,85.23617553710938
1028,84.60637664794922
1029,83.7533950805664
1030,86.28034973144531
1031,89.76266479492188
1032,85.10975646972656
1033,84.07803344726562
1034,84.7350082397461
1035,89.81568908691406
1036,84.6236801147461
1037,83.3575668334961
1038,87.35564422607422
1039,85.4864501953125
1040,88.320068359375
1041,86.50923156738281
1042,89.3545150756836
1043,87.118408203125
1044,86.17062377929688
1045,86.87895202636719
1046,86.8834228515625
1047,86.18949890136719
1048,85.1600341796875
1049,87.85501098632812
1050,87.11625671386719
1051,88.39067077636719
1052,88.75536346435547
1053,89.68400573730469
1054,88.05757904052734
1055,87.716796875
1056,87.12142944335938
1057,85.15532684326172
1058,85.19842529296875
1059,88.08733367919922
1060,87.44754028320312
1061,87.90975189208984
1062,86.74861907958984
1063,88.97701263427734
1064,83.63999938964844
1065,84.72198486328125
1066,87.87986755371094
1067,85.26307678222656
1068,87.1975326538086
1069,85.96697998046875
1070,85.5929183959961
1071,85.32476806640625
1072,84.4720687866211
1073,85.54484558105469
1074,85.79319763183594
1075,86.73042297363281
1076,84.6817855834961
1077,87.29231262207031
1078,84.75086975097656
1079,89.17623901367188
1080,84.70982360839844
1081,85.48986053466797
1082,87.44564819335938
1083,86.84288024902344
1084,85.68003845214844
1085,86.2258529663086
1086,84.18732452392578
1087,90.12725067138672
1088,86.90670013427734
1089,83.99220275878906
1090,86.72428894042969
1091,87.12677001953125
1092,86.96621704101562
1093,89.00323486328125
1094,88.61065673828125
1095,89.01792907714844
1096,85.16419982910156
1097,84.87283325195312
1098,86.47814178466797
1099,88.13932800292969
1100,83.20397186279297
1101,85.31150817871094
1102,84.90862274169922
1103,88.51792907714844
1104,86.448974609375
1105,85.15652465820312
1106,89.28953552246094
1107,82.03666687011719
1108,82.69862365722656
1109,87.88842010498047
1110,82.00497436523438
1111,85.8106689453125
1112,87.32088470458984
1113,84.89564514160156
1114,86.67010498046875
1115,82.80091094970703
1116,88.70503997802734
1117,88.54753112792969
1118,88.21175384521484
1119,84.832275390625
1120,85.1272964477539
1121,88.27867126464844
1122,85.02613830566406
1123,86.0500717163086
1124,87.6153793334961
1125,87.54757690429688
1126,84.45722961425781
1127,87.90069580078125
1128,89.07674407958984
1129,87.83094787597656
1130,85.04967498779297
1131,88.49565124511719
1132,85.27365112304688
1133,82.46128845214844
1134,83.38385772705078
1135,84.9539566040039
1136,84.32139587402344
1137,86.33428192138672
1138,87.11287689208984
1139,82.83971405029297
1140,86.8462142944336
1141,88.26451873779297
1142,88.39369201660156
1143,86.95649719238281
1144,88.36814880371094
1145,86.90508270263672
1146,86.6186752319336
1147,87.66925048828125
1148,86.60592651367188
1149,85.70903015136719
1150,85.31449127197266
1151,86.03585052490234
1152,89.93403625488281
1153,86.05143737792969
1154,86.375
1155,86.88975524902344
1156,87.07942962646484
1157,87.2900619506836
1158,87.8209457397461
1159,87.04729461669922
1160,83.49871826171875
1161,86.15536499023438
1162,87.80123138427734
1163,85.11726379394531
1164,85.77645111083984
1165,84.81312561035156
1166,85.866455078125
1167,90.27066040039062
1168,87.26649475097656
1169,85.09111022949219
1170,86.23592376708984
1171,87.69649505615234
1172,84.92375183105469
1173,87.07621765136719
1174,86.07869720458984
1175,87.56199645996094
1176,88.91900634765625
1177,86.5561752319336
1178,85.91512298583984
1179,85.5186996459961
1180,87.140380859375
1181,86.24497985839844
1182,89.18728637695312
1183,86.2353744506836
1184,85.95188903808594
1185,86.97648620605469
1186,86.18511962890625
1187,85.83982849121094
1188,88.1654052734375
1189,86.6509017944336
1190,86.50484466552734
1191,84.61287689208984
1192,85.66781616210938
1193,86.40223693847656
1194,85.49224090576172
1195,87.965087890625
1196,88.10813903808594
1197,85.98661804199219
1198,88.418701171875
1199,85.65115356445312
1200,85.33168029785156
1201,85.91645812988281
1202,85.65782165527344
1203,85.83561706542969
1204,85.74444580078125
1205,87.47705078125
1206,84.70445251464844
1207,86.45915985107422
1208,82.63252258300781
1209,83.959716796875
1210,85.54344177246094
1211,86.42452239990234
1212,86.24147033691406
1213,85.9102783203125
1214,85.85484313964844
1215,85.7989730834961
1216,85.29399871826172
1217,85.64027404785156
1218,85.54508972167969
1219,82.90531921386719
1220,84.06340026855469
1221,86.20512390136719
1222,88.32652282714844
1223,88.94210052490234
1224,86.3936767578125
1225,88.37652587890625
1226,89.06816864013672
1227,86.84002685546875
1228,84.63081359863281
1229,87.51593017578125
1230,85.51811218261719
1231,85.8181381225586
1232,87.95540618896484
1233,85.92034912109375
1234,82.38114929199219
1235,86.33760833740234
1236,85.515869140625
1237,85.46697998046875
1238,86.33480072021484
1239,87.61637878417969
1240,86.138671875
1241,85.19947052001953
1242,87.62841796875
1243,86.58702087402344
1244,86.92750549316406
1245,89.88641357421875
1246,85.33396911621094
1247,86.37680053710938
1248,86.198974609375
1249,86.61676025390625
1250,88.04290771484375
1251,85.32424926757812
1252,84.77831268310547
1253,84.9297866821289
1254,88.84227752685547
1255,88.5309066772461
1256,85.98473358154297
1257,89.12309265136719
1258,86.43449401855469
1259,86.36729431152344
1260,87.36784362792969
1261,86.58280944824219
1262,89.67529296875
1263,89.08673095703125
1264,87.98536682128906
1265,87.50371551513672
1266,84.14324951171875
1267,86.53642272949219
1268,86.66975402832031
1269,85.15231323242188
1270,87.50521087646484
1271,85.44192504882812
1272,89.49139404296875
1273,83.62336730957031
1274,85.96392822265625
1275,89.68641662597656
1276,85.78807067871094
1277,86.69894409179688
1278,86.95561218261719
1279,84.9170150756836
1280,85.18501281738281
1281,87.27424621582031
1282,88.60479736328125
1283,85.9666976928711
1284,86.80381774902344
1285,87.0844955444336
1286,86.11055755615234
1287,87.4695053100586
1288,85.52445983886719
1289,87.78118896484375
1290,85.08392333984375
1291,86.91630554199219
1292,85.55335998535156
1293,82.75607299804688
1294,87.89224243164062
1295,86.75335693359375
1296,84.92942810058594
1297,86.87923431396484
1298,85.26666259765625
1299,86.17536926269531
1300,86.45866394042969
1301,86.18309783935547
1302,86.75923156738281
1303,83.14264678955078
1304,85.73336029052734
1305,84.91532897949219
1306,88.33697509765625
1307,88.91783142089844
1308,88.87782287597656
1309,89.16252899169922
1310,86.17842102050781
1311,86.75975036621094
1312,85.98448944091797
1313,87.25755310058594
1314,86.54454040527344
1315,87.2242431640625
1316,86.483642578125
1317,88.6781005859375
1318,86.30540466308594
1319,86.21781921386719
1320,82.92469024658203
1321,87.02633666992188
1322,84.1363525390625
1323,83.80143737792969
1324,86.7289047241211
1325,88.60806274414062
1326,85.81890869140625
1327,84.68669128417969
1328,87.33782196044922
1329,88.25255584716797
1330,86.41778564453125
1331,88.00358581542969
1332,88.68511962890625
1333,86.09841918945312
1334,86.02726745605469
1335,86.1944580078125
1336,88.78063201904297
1337,87.40541076660156
1338,86.17818450927734
1339,87.28954315185547
1340,85.55843353271484
1341,83.86164855957031
1342,86.7244873046875
1343,88.0222396850586
1344,87.5786361694336
1345,89.49810028076172
1346,87.2817611694336
1347,87.5128402709961
1348,88.23709106445312
1349,86.81816864013672
1350,86.40054321289062
1351,86.6136474609375
1352,85.23825073242188
1353,86.8037109375
1354,86.50175476074219
1355,87.65813446044922
1356,87.71090698242188
1357,86.96890258789062
1358,86.40331268310547
1359,85.86810302734375
1360,87.00204467773438
1361,85.69642639160156
1362,85.6330795288086
1363,84.38484954833984
1364,82.41907501220703
1365,86.10833740234375
1366,81.46918487548828
1367,88.98954772949219
1368,88.99365234375
1369,89.64591979980469
1370,85.01174926757812
1371,88.10420227050781
1372,85.1708755493164
1373,85.42837524414062
1374,88.24340057373047
1375,85.49337005615234
1376,86.78254699707031
1377,87.20174407958984
1378,86.1578598022461
1379,87.80230712890625
1380,87.87095642089844
1381,86.89726257324219
1382,84.576416015625
1383,86.981201171875
1384,86.08087158203125
1385,87.09066772460938
1386,86.32672119140625
1387,87.63592529296875
1388,87.24645233154297
1389,85.58147430419922
1390,87.49258422851562
1391,86.91006469726562
1392,86.74156951904297
1393,85.72416687011719
1394,88.23971557617188
1395,84.79617309570312
1396,89.384521484375
1397,87.8873291015625
1398,84.21673583984375
1399,88.67147064208984
1400,87.68841552734375
1401,89.95427703857422
1402,91.7098617553711
1403,84.47946166992188
1404,83.72442626953125
1405,86.75871276855469
1406,85.26667022705078
1407,86.00480651855469
1408,86.0156478881836
1409,86.7911605834961
1410,86.80509948730469
1411,84.1771469116211
1412,86.62092590332031
1413,87.495361328125
1414,87.01115417480469
1415,83.24806213378906
1416,84.3647689819336
1417,86.66062927246094
1418,88.4029541015625
1419,86.72179412841797
1420,85.33334350585938
1421,88.8211898803711
1422,82.96669006347656
1423,84.45317077636719
1424,86.60231018066406
1425,86.94219970703125
1426,86.0622787475586
1427,85.07842254638672
1428,83.52010345458984
1429,83.83610534667969
1430,85.4127197265625
1431,88.26123046875
1432,86.04448699951172
1433,87.36279296875
1434,87.39866638183594
1435,86.78312683105469
1436,86.81782531738281
1437,86.98372650146484
1438,89.193115234375
1439,88.00203704833984
1440,89.16316223144531
1441,88.76311492919922
1442,87.3634033203125
1443,88.58673095703125
1444,86.1280517578125
1445,87.54252624511719
1446,86.80729675292969
1447,88.94619750976562
1448,88.316162109375
1449,86.5683822631836
1450,88.308349609375
1451,86.66357421875
1452,85.93449401855469
1453,86.60862731933594
1454,87.16869354248047
1455,88.10087585449219
1456,85.98777770996094
1457,84.19999694824219
1458,84.38189697265625
1459,86.61698913574219
1460,86.55245208740234
1461,84.37530517578125
1462,85.59954833984375
1463,85.97056579589844
1464,84.1986312866211
1465,86.78421020507812
1466,88.36424255371094
1467,86.27978515625
1468,87.51537322998047
1469,86.22396087646484
1470,85.57781982421875
1471,87.31423950195312
1472,89.35765075683594
1473,86.93589782714844
1474,90.53569030761719
1475,88.02315521240234
1476,85.08367919921875
1477,85.82805633544922
1478,87.65472412109375
1479,85.84288024902344
1480,86.73757934570312
1481,88.64231872558594
1482,87.43231201171875
1483,86.79315185546875
1484,86.45509338378906
1485,86.54869842529297
1486,85.34104919433594
1487,84.38389587402344
1488,84.53890991210938
1489,85.7722396850586
1490,84.05593872070312
1491,85.55279541015625
1492,86.71813201904297
1493,84.89476776123047
1494,85.57630920410156
1495,86.34696960449219
1496,85.53778076171875
1497,86.12789916992188
1498,86.437255859375
1499,87.75810241699219
1500,86.09841918945312
1501,87.14874267578125
1502,86.48311614990234
1503,85.31410217285156
1504,85.19564819335938
1505,83.94418334960938
1506,92.87459564208984
1507,87.48442077636719
1508,90.84648895263672
1509,93.23460388183594
1510,87.60063171386719
1511,85.76228332519531
1512,87.68785095214844
1513,88.62564086914062
1514,86.26802825927734
1515,85.45894622802734
1516,85.89665985107422
1517,87.00810241699219
1518,88.7317123413086
1519,82.32477569580078
1520,88.87680053710938
1521,87.29841613769531
1522,87.46697998046875
1523,84.97003173828125
1524,87.40199279785156
1525,88.45782470703125
1526,86.75389099121094
1527,88.13179779052734
1528,85.58529663085938
1529,86.88508605957031
1530,86.25372314453125
1531,85.4883041381836
1532,86.10143280029297
1533,86.14862060546875
1534,87.75203704833984
1535,83.61441040039062
1536,82.8275375366211
1537,85.72444915771484
1538,85.68087005615234
1539,84.56915283203125
1540,85.75950622558594
1541,88.16593933105469
1542,86.6269760131836
1543,87.65263366699219
1544,83.78719329833984
1545,87.08309173583984
1546,87.93035125732422
1547,85.7275390625
1548,85.39817810058594
1549,88.14207458496094
1550,86.83561706542969
1551,82.63473510742188
1552,86.97953796386719
1553,85.9261703491211
1554,88.26339721679688
1555,85.75091552734375
1556,85.65867614746094
1557,87.30276489257812
1558,86.06468963623047
1559,86.91532897949219
1560,86.23725891113281
1561,85.86091613769531
1562,87.20066833496094
1563,86.4000244140625
1564,84.61936950683594
1565,93.58824157714844
1566,84.64897155761719
1567,88.26287841796875
1568,85.7271728515625
1569,88.90817260742188
1570,86.65392303466797
1571,87.33007049560547
1572,86.5191879272461
1573,85.82561492919922
1574,87.39251708984375
1575,85.44721984863281
1576,85.558349609375
1577,85.49308776855469
1578,86.5627670288086
1579,84.69658660888672
1580,87.04537200927734
1581,87.00323486328125
1582,86.30870056152344
1583,88.74432373046875
1584,87.06280517578125
1585,87.55400085449219
1586,87.18672943115234
1587,87.63645935058594
1588,86.6099853515625
1589,86.28866577148438
1590,87.5875473022461
1591,87.12728881835938
1592,86.75834655761719
1593,85.96649169921875
1594,86.01985931396484
1595,90.08757781982422
1596,87.2689437866211
1597,87.31564331054688
1598,87.5456771850586
1599,86.83589935302734
1600,86.65122985839844
1601,86.612548828125
1602,88.44065856933594
1603,87.06617736816406
1604,84.46332550048828
1605,86.98228454589844
1606,86.22897338867188
1607,85.77971649169922
1608,84.27891540527344
1609,85.54771423339844
1610,85.66255950927734
1611,82.52255249023438
1612,90.2386703491211
1613,87.40084075927734
1614,86.97999572753906
1615,86.84505462646484
1616,87.7717514038086
1617,87.83638000488281
1618,87.1898193359375
1619,86.87364959716797
1620,86.61641693115234
1621,87.8512191772461
1622,87.12034606933594
1623,85.93502044677734
1624,87.95732879638672
1625,83.86726379394531
1626,85.47669982910156
1627,87.50286865234375
1628,87.89509582519531
1629,84.00894165039062
1630,90.30508422851562
1631,89.13865661621094
1632,87.01424407958984
1633,86.115966796875
1634,86.34782409667969
1635,83.68865966796875
1636,85.79643249511719
1637,85.65260314941406
1638,85.1331558227539
1639,84.76287841796875
1640,86.85259246826172
1641,85.95396423339844
1642,88.581787109375
1643,85.78007507324219
1644,87.91841888427734
1645,88.5034408569336
1646,84.80867004394531
1647,83.74725341796875
1648,86.46172332763672
1649,87.83452606201172
1650,88.91344451904297
1651,88.55504608154297
1652,86.3655014038086
1653,85.4325180053711
1654,89.82151794433594
1655,83.26974487304688
1656,84.558349609375
1657,87.9601058959961
1658,85.25228118896484
1659,82.73655700683594
1660,82.85136413574219
1661,86.50448608398438
1662,88.7436752319336
1663,90.91624450683594
1664,85.36284637451172
1665,83.90971374511719
1666,85.32869720458984
1667,85.72863006591797
1668,93.96126556396484
1669,86.99139404296875
1670,87.3462142944336
1671,85.35954284667969
1672,84.97469329833984
1673,85.15308380126953
1674,86.96697998046875
1675,88.18614196777344
1676,85.56855773925781
1677,86.27642059326172
1678,83.38377380371094
1679,85.78477478027344
1680,86.29586029052734
1681,85.81585693359375
1682,84.42581939697266
1683,86.91619873046875
1684,85.94963073730469
1685,87.49810791015625
1686,86.79620361328125
1687,86.94540405273438
1688,87.04179382324219
1689,86.03424072265625
1690,84.4500732421875
1691,84.06364440917969
1692,84.08308410644531
1693,83.68541717529297
1694,85.24164581298828
1695,85.42860412597656
1696,86.20693969726562
1697,87.2994384765625
1698,87.8923568725586
1699,90.4634017944336
1700,86.27943420410156
1701,87.08648681640625
1702,87.33424377441406
1703,86.67509460449219
1704,86.264404296875
1705,85.94701385498047
1706,86.71087646484375
1707,86.49363708496094
1708,84.88771057128906
1709,84.60336303710938
1710,84.06229400634766
1711,86.63433074951172
1712,89.15957641601562
1713,86.07490539550781
1714,87.31871032714844
1715,87.7436752319336
1716,85.45223236083984
1717,88.5726318359375
1718,84.96697235107422
1719,85.82445526123047
1720,85.23280334472656
1721,87.94930267333984
1722,88.41978454589844
1723,86.60332489013672
1724,86.8233642578125
1725,87.28750610351562
1726,86.7809066772461
1727,88.25146484375
1728,88.47175598144531
1729,87.95232391357422
1730,87.4137191772461
1731,87.14424133300781
1732,84.86509704589844
1733,87.91195678710938
1734,87.74754333496094
1735,86.65007019042969
1736,84.83501434326172
1737,85.50120544433594
1738,87.85592651367188
1739,85.60729217529297
1740,86.78255462646484
1741,87.16424560546875
1742,84.8005599975586
1743,85.54087829589844
1744,87.58787536621094
1745,85.79424285888672
1746,90.29488372802734
1747,85.94393920898438
1748,86.70536804199219
1749,86.89817810058594
1750,87.4828109741211
1751,85.28224182128906
1752,87.98589324951172
1753,91.95543670654297
1754,85.64697265625
1755,84.56747436523438
1756,84.46385192871094
1757,86.54280090332031
1758,85.67168426513672
1759,84.46992492675781
1760,85.15617370605469
1761,89.03544616699219
1762,86.80537414550781
1763,88.79541015625
1764,84.73979949951172
1765,89.07600402832031
1766,87.74901580810547
1767,85.11195373535156
1768,87.53343200683594
1769,85.18672180175781
1770,84.3328857421875
1771,89.50862884521484
1772,86.99192810058594
1773,85.92525482177734
1774,88.30165100097656
1775,87.20565032958984
1776,87.6500244140625
1777,83.32621765136719
1778,84.14450073242188
1779,84.69677734375
1780,85.50761413574219
1781,86.00843811035156
1782,84.6597900390625
1783,86.30729675292969
1784,86.8353271484375
1785,86.54207611083984
1786,86.46922302246094
1787,85.98341369628906
1788,86.91340637207031
1789,87.75999450683594
1790,85.82513427734375
1791,87.47676849365234
1792,87.56539916992188
1793,90.158447265625
1794,84.75691223144531
1795,88.70556640625
1796,86.27449798583984
1797,89.76399993896484
1798,87.57733154296875
1799,86.95262908935547
1800,85.48533630371094
1801,85.75926208496094
1802,86.89315795898438
1803,84.38441467285156
1804,88.19119262695312
1805,86.23135375976562
1806,86.80059814453125
1807,85.40414428710938
1808,87.88175964355469
1809,86.70649719238281
1810,86.87649536132812
1811,86.39196014404297
1812,86.88525390625
1813,88.67066955566406
1814,85.16646575927734
1815,86.60038757324219
1816,91.34764862060547
1817,85.05535888671875
1818,87.72235107421875
1819,86.71343231201172
1820,85.67284393310547
1821,86.09617614746094
1822,87.9742431640625
1823,86.6361312866211
1824,88.26014709472656
1825,91.53483581542969
1826,87.1056137084961
1827,84.50588989257812
1828,88.6434326171875
1829,86.4048080444336
1830,85.0850830078125
1831,85.69536590576172
1832,87.04869842529297
1833,87.48119354248047
1834,87.9814682006836
1835,87.30538177490234
1836,87.58284759521484
1837,88.531494140625
1838,86.95284271240234
1839,89.41231536865234
1840,89.0086669921875
1841,87.88701629638672
1842,85.16669464111328
1843,82.85946655273438
1844,85.93038177490234
1845,91.15849304199219
1846,88.1887435913086
1847,88.19732666015625
1848,89.73066711425781
1849,85.412841796875
1850,86.42228698730469
1851,88.04179382324219
1852,86.878662109375
1853,85.64166259765625
1854,88.31639099121094
1855,88.99624633789062
1856,88.68876647949219
1857,87.78291320800781
1858,89.07234954833984
1859,87.73986053466797
1860,91.11785125732422
1861,88.56673431396484
1862,86.08309173583984
1863,84.47530364990234
1864,83.47697448730469
1865,84.75922393798828
1866,86.07481384277344
1867,86.37565612792969
1868,88.56676483154297
1869,85.49778747558594
1870,87.39091491699219
1871,86.47649383544922
1872,87.1744384765625
1873,88.89509582519531
1874,89.46331787109375
1875,82.84031677246094
1876,86.10198974609375
1877,86.46501159667969
1878,85.83809661865234
1879,87.1047592163086
1880,90.03315734863281
1881,88.2298583984375
1882,88.83648681640625
1883,86.20870208740234
1884,86.72673797607422
1885,87.271484375
1886,85.82978820800781
1887,87.98921966552734
1888,87.66915130615234
1889,86.94859313964844
1890,85.57371520996094
1891,87.64421081542969
1892,87.19476318359375
1893,88.572021484375
1894,85.52259826660156
1895,86.4728012084961
1896,87.44841003417969
1897,87.69943237304688
1898,87.08561706542969
1899,88.47589111328125
1900,83.76617431640625
1901,87.26480102539062
1902,89.34709167480469
1903,91.21235656738281
1904,86.7952880859375
1905,88.12117004394531
1906,88.14207458496094
1907,85.84810638427734
1908,84.71087646484375
1909,86.62869262695312
1910,86.45481872558594
1911,88.0095443725586
1912,84.75971984863281
1913,90.71846008300781
1914,87.530029296875
1915,86.0548095703125
1916,86.87313079833984
1917,86.65562438964844
1918,86.12364196777344
1919,85.84898376464844
1920,86.03536987304688
1921,85.89837646484375
1922,86.0145263671875
1923,87.31063079833984
1924,87.46978759765625
1925,88.53453063964844
1926,87.77589416503906
1927,89.44010925292969
1928,87.36119079589844
1929,84.60726165771484
1930,87.49395751953125
1931,86.34200286865234
1932,86.50540161132812
1933,86.90813446044922
1934,88.99291229248047
1935,88.90950775146484
1936,91.5051498413086
1937,88.12874603271484
1938,85.43672943115234
1939,88.31649017333984
1940,88.53517150878906
1941,85.17831420898438
1942,87.89869689941406
1943,88.80870056152344
1944,87.9703369140625
1945,86.35528564453125
1946,90.6040267944336
1947,91.14900970458984
1948,90.08013916015625
1949,87.0206298828125
1950,85.66592407226562
1951,87.71006774902344
1952,87.79484558105469
1953,90.77203369140625
1954,87.23255920410156
1955,90.4556884765625
1956,86.61172485351562
1957,88.0069580078125
1958,86.52473449707031
1959,84.26585388183594
1960,87.54063415527344
1961,88.38983154296875
1962,90.98204040527344
1963,88.56002807617188
1964,87.49400329589844
1965,89.1656494140625
1966,86.14610290527344
1967,89.7464828491211
1968,89.63592529296875
1969,88.50090789794922
1970,87.98063659667969
1971,87.0250473022461
1972,89.85673522949219
1973,88.2237548828125
1974,86.91280364990234
1975,86.4631576538086
1976,87.73625183105469
1977,87.72451782226562
1978,85.89787292480469
1979,86.39201354980469
1980,86.32083129882812
1981,86.65059661865234
1982,89.29512786865234
1983,89.7392578125
1984,86.14918518066406
1985,87.37171936035156
1986,90.57041931152344
1987,87.6839599609375
1988,86.9686279296875
1989,85.89059448242188
1990,86.32901000976562
1991,85.36056518554688
1992,84.44940185546875
1993,87.01143646240234
1994,86.7289047241211
1995,82.64448547363281
1996,86.96427917480469
1997,83.53500366210938
1998,84.07611083984375
1999,85.17778778076172
2000,86.53561401367188
2001,88.372314453125
2002,87.92179870605469
2003,89.15596771240234
2004,91.4339599609375
2005,87.28648376464844
2006,89.05171966552734
2007,86.39837646484375
2008,89.48592376708984
2009,90.1173324584961
2010,87.75444793701172
2011,87.66758728027344
2012,86.4934310913086
2013,85.88276672363281
2014,86.07225036621094
2015,86.9718017578125
2016,87.50789642333984
2017,89.0014877319336
2018,85.91390228271484
2019,88.53062438964844
2020,87.15589904785156
2021,84.42589569091797
2022,88.6231918334961
2023,86.52427673339844
2024,88.45897674560547
2025,88.5836181640625
2026,87.29862976074219
2027,89.7356185913086
2028,86.38204193115234
2029,86.02919006347656
2030,89.0262451171875
2031,87.18505096435547
2032,88.08840942382812
2033,87.79481506347656
2034,86.65396118164062
2035,87.57757568359375
2036,88.61259460449219
2037,87.8712387084961
2038,87.71652221679688
2039,87.9531478881836
2040,88.51708984375
2041,87.21806335449219
2042,87.49345397949219
2043,86.33501434326172
2044,87.71726989746094
2045,88.03087615966797
2046,86.31622314453125
2047,87.08785247802734
2048,88.9176025390625
2049,91.09698486328125
2050,85.62450408935547
2051,87.17112731933594
2052,86.62480926513672
2053,86.43424987792969
2054,88.56315612792969
2055,90.3128890991211
2056,87.9156494140625
2057,88.8573226928711
2058,87.96476745605469
2059,88.37175750732422
2060,84.82527160644531
2061,89.91814422607422
2062,89.36505126953125
2063,87.74449157714844
2064,89.24645233154297
2065,88.2937240600586
2066,87.5431137084961
2067,85.13148498535156
2068,87.3066635131836
2069,86.12889862060547
2070,88.47673034667969
2071,89.78038024902344
2072,85.78227996826172
2073,88.27641296386719
2074,90.72066497802734
2075,90.47319793701172
2076,87.6134033203125
2077,88.5911865234375
2078,87.6378173828125
2079,88.67483520507812
2080,86.60198974609375
2081,88.20894622802734
2082,86.5739974975586
2083,86.150634765625
2084,86.82203674316406
2085,89.01953125
2086,90.79508972167969
2087,89.25653076171875
2088,87.79093933105469
2089,88.69816589355469
2090,87.86651611328125
2091,87.3878173828125
2092,94.19821166992188
2093,91.28459167480469
2094,87.44978332519531
2095,86.03508758544922
2096,88.76420593261719
2097,89.0975341796875
2098,89.7842025756836
2099,88.75588989257812
2100,86.8414306640625
2101,87.8975830078125
2102,87.26055145263672
2103,87.39735412597656
2104,87.21233367919922
2105,87.58367919921875
2106,86.90235900878906
2107,86.79814147949219
2108,86.15420532226562
2109,86.9775390625
2110,86.74501037597656
2111,88.3214340209961
2112,88.18695068359375
2113,85.15695190429688
2114,88.53564453125
2115,87.38786315917969
2116,89.55498504638672
2117,89.640869140625
2118,87.48947143554688
2119,89.42231750488281
2120,89.42955017089844
2121,87.40817260742188
2122,88.2014389038086
2123,90.7253646850586
2124,86.6480941772461
2125,88.1517562866211
2126,88.47311401367188
2127,88.86676025390625
2128,88.31038665771484
2129,86.96208190917969
2130,88.0828857421875
2131,86.86259460449219
2132,87.76809692382812
2133,87.35958099365234
2134,87.38558197021484
2135,87.52172088623047
2136,88.82786560058594
2137,86.97813415527344
2138,85.5780258178711
2139,87.59034729003906
2140,87.33232116699219
2141,86.77360534667969
2142,90.152587890625
2143,87.52862548828125
2144,88.1325912475586
2145,87.28950500488281
2146,87.7989730834961
2147,89.28517150878906
2148,88.29403686523438
2149,90.04322814941406
2150,89.7437973022461
2151,91.56288146972656
2152,88.66877746582031
2153,88.1202392578125
2154,89.54122161865234
2155,88.15284729003906
2156,89.56645202636719
2157,90.90705871582031
2158,90.65147399902344
2159,88.10646057128906
2160,90.93315124511719
2161,89.2239990234375
2162,90.0036849975586
2163,91.59700775146484
2164,88.39140319824219
2165,89.19705200195312
2166,85.73777770996094
2167,85.65946960449219
2168,86.27227783203125
2169,85.02301025390625
2170,85.3636474609375
2171,86.8589096069336
2172,86.90509033203125
2173,88.65343475341797
2174,87.94097900390625
2175,89.17708587646484
2176,87.24284362792969
2177,87.64147186279297
2178,85.8131103515625
2179,87.29925537109375
2180,87.99986267089844
2181,88.9051513671875
2182,85.26898193359375
2183,87.07625579833984
2184,87.35195922851562
2185,87.73979187011719
2186,88.25894165039062
2187,88.57865905761719
2188,90.42042541503906
2189,88.11540985107422
2190,87.86785888671875
2191,89.04705810546875
2192,87.96791076660156
2193,86.98234558105469
2194,87.70809936523438
2195,87.3043212890625
2196,88.98764038085938
2197,87.80889892578125
2198,88.29951477050781
2199,88.64111328125
2200,96.55049133300781
2201,98.21746826171875
2202,96.61375427246094
2203,96.2151107788086
2204,98.51995849609375
2205,98.16691589355469
2206,97.25105285644531
2207,98.30663299560547
2208,98.78306579589844
2209,98.33052825927734
2210,98.11190032958984
2211,98.15718841552734
2212,96.824951171875
2213,97.52607727050781
2214,98.1171875
2215,98.5577621459961
2216,98.49554443359375
2217,97.15771484375
2218,97.50053405761719
2219,98.41442108154297
2220,98.74887084960938
2221,98.59442138671875
2222,96.71855926513672
2223,96.9924545288086
2224,98.06048583984375
2225,98.45245361328125
2226,98.57109069824219
2227,98.6102523803711
2228,98.14775085449219
2229,98.49967956542969
2230,98.41079711914062
2231,98.27775573730469
2232,97.81828308105469
2233,97.8604965209961
2234,98.22940063476562
2235,98.07939910888672
2236,97.94216918945312
2237,96.84161376953125
2238,96.5560302734375
2239,97.20821380615234
2240,97.25189208984375
2241,97.77020263671875
2242,98.074951171875
2243,98.26912689208984
2244,96.4976806640625
2245,98.22579193115234
2246,97.24632263183594
2247,98.12996673583984
2248,96.8846664428711
2249,98.52719116210938
2250,98.4832992553711
2251,98.1241455078125
2252,98.23527526855469
2253,98.23526000976562
2254,98.46831512451172
2255,98.0238265991211
2256,97.71968841552734
2257,98.4630126953125
2258,98.57025146484375
2259,98.38329315185547
2260,98.73860168457031
2261,98.74554443359375
2262,98.61137390136719
2263,98.10076904296875
2264,98.46470642089844
2265,98.12968444824219
2266,98.1827392578125
2267,98.08442687988281
2268,98.4638671875
2269,98.45024108886719
2270,98.13803100585938
2271,98.63526916503906
2272,98.39579772949219
2273,98.3360595703125
2274,97.65719604492188
2275,98.2332992553711
2276,98.60442352294922
2277,98.38301849365234
2278,98.37635803222656
2279,98.47634887695312
2280,98.18968200683594
2281,97.7835693359375
2282,98.0113754272461
2283,98.2021713256836
2284,98.29052734375
2285,98.5508041381836
2286,98.51385498046875
2287,98.47967529296875
2288,98.02523040771484
2289,97.6849365234375
2290,98.40301513671875
2291,98.339111328125
2292,98.19358825683594
2293,98.28829193115234
2294,98.1438217163086
2295,97.62800598144531
2296,97.97636413574219
2297,97.07827758789062
2298,97.7352294921875
2299,98.38301849365234
2300,98.28912353515625
2301,98.67442321777344
2302,98.3774642944336
2303,98.68470764160156
2304,98.01438903808594
2305,98.58747863769531
2306,98.3441390991211
2307,98.4327392578125
2308,98.48302459716797
2309,98.13108825683594
2310,98.08052825927734
2311,98.59663391113281
2312,97.65217590332031
2313,98.12273406982422
2314,98.50386810302734
2315,98.516357421875
2316,98.40996551513672
2317,98.01246643066406
2318,98.27883911132812
2319,97.47603607177734
2320,98.46691131591797
2321,98.6908187866211
2322,98.33274841308594
2323,98.64470672607422
2324,97.88330078125
2325,98.22386169433594
2326,98.66442108154297
2327,97.71856689453125
2328,98.5577621459961
2329,98.21438598632812
2330,98.57052612304688
2331,97.56077575683594
2332,93.83624267578125
2333,97.17631530761719
2334,96.85989379882812
2335,97.69354248046875
2336,97.94523620605469
2337,98.71385955810547
2338,98.4491195678711
2339,98.45109558105469
2340,98.441650390625
2341,98.2241439819336
2342,98.2080307006836
2343,97.79244995117188
2344,98.18467712402344
2345,98.4741439819336
2346,98.38690185546875
2347,97.60466766357422
2348,98.42828369140625
2349,98.56663513183594
2350,98.03912353515625
2351,98.12077331542969
2352,98.2099609375
2353,98.27635192871094
2354,98.23997497558594
2355,98.37996673583984
2356,96.38265991210938
2357,98.36273193359375
2358,98.42940521240234
2359,97.994140625
2360,98.23387145996094
2361,98.69747161865234
2362,98.43357849121094
2363,98.43719482421875
2364,98.40606689453125
2365,98.1930160522461
2366,98.1013412475586
2367,98.26301574707031
2368,98.26052856445312
2369,98.26663208007812
2370,98.2230224609375
2371,98.0974349975586
2372,98.44996643066406
2373,98.55413818359375
2374,98.14410400390625
2375,98.27386474609375
2376,97.5093994140625
2377,98.1666259765625
2378,98.40108489990234
2379,98.18968200683594
2380,98.36273193359375
2381,97.96855926513672
2382,97.2368392944336
2383,98.15606689453125
2384,97.46157836914062
2385,98.20940399169922
2386,98.70442199707031
2387,98.500244140625
2388,97.97026062011719
2389,98.7019271850586
2390,98.42912292480469
2391,98.2455062866211
2392,98.42024993896484
2393,98.157470703125
2394,98.31442260742188
2395,98.7249755859375
2396,98.44273376464844
2397,98.0557861328125
2398,98.1143798828125
2399,98.38108825683594
2400,98.35246276855469
2401,98.35691833496094
2402,98.40691375732422
2403,98.1810531616211
2404,98.0821762084961
2405,97.29547119140625
2406,98.59774780273438
2407,98.47499084472656
2408,98.42357635498047
2409,97.89605712890625
2410,97.63329315185547
2411,97.57161712646484
2412,97.33656311035156
2413,98.02494812011719
2414,98.3199691772461
2415,98.000244140625
2416,98.06358337402344
2417,96.80130004882812
2418,98.16856384277344
2419,98.5599594116211
2420,98.7080307006836
2421,98.330810546875
2422,98.53053283691406
2423,97.88691711425781
2424,98.02748107910156
2425,98.4702377319336
2426,98.39607238769531
2427,97.84912109375
2428,97.90020751953125
2429,98.31053161621094
2430,98.2271957397461
2431,98.25634765625
2432,97.78715515136719
2433,97.6243896484375
2434,98.0357894897461
2435,98.1938705444336
2436,97.2951889038086
2437,97.86852264404297
2438,97.66326141357422
2439,97.39466857910156
2440,96.90550994873047
2441,97.1682357788086
2442,97.07603454589844
2443,97.37579345703125
2444,97.13241577148438
2445,97.78631591796875
2446,97.69522094726562
2447,97.97213745117188
2448,97.39940643310547
2449,98.0266342163086
2450,97.77880859375
2451,97.95967864990234
2452,97.97967529296875
2453,98.05663299560547
2454,98.49940490722656
2455,97.31631469726562
2456,98.47634887695312
2457,96.43516540527344
2458,98.54634857177734
2459,98.49859619140625
2460,96.30908203125
2461,97.5899658203125
2462,97.37579345703125
2463,96.91960906982422
2464,96.990234375
2465,96.843505859375
2466,96.71993255615234
2467,95.32571411132812
2468,95.3084945678711
2469,96.4835433959961
2470,97.02632141113281
2471,97.790771484375
2472,96.91326141357422
2473,94.58319091796875
2474,96.43743896484375
2475,97.44883728027344
2476,95.39161682128906
2477,95.82908630371094
2478,97.30965423583984
2479,96.797119140625
2480,96.62217712402344
2481,96.24547576904297
2482,96.03102111816406
2483,95.9049072265625
2484,95.34407806396484
2485,96.784912109375
2486,95.13459777832031
2487,95.76354217529297
2488,94.35130310058594
2489,94.46849060058594
2490,94.45628356933594
2491,95.7232666015625
2492,96.31771087646484
2493,95.82817077636719
2494,95.64483642578125
2495,96.27912902832031
2496,96.09716033935547
2497,93.76986694335938
2498,94.42877197265625
2499,93.6053695678711
