0,-15.874331998138478
1,-6.117866969490238
2,-10.323358106086358
3,-14.363331974051405
4,-12.598278283328742
5,-11.763836596527401
6,-7.1329287729133135
7,-2.4676188916665014
8,-10.937845624181016
9,-9.659138189388122
10,-2.5944349038600922
11,-9.844905854112397
12,11.320453015453273
13,-6.375033654883094
14,-7.819340822794799
15,0.37675684481399774
16,-0.7318147906013808
17,-7.993312257449816
18,-0.1795158657836744
19,-3.3151639961935793
20,28.214067290975997
21,6.414606928825378
22,-5.850006311166291
23,-3.4589443957805637
24,2.628178671053604
25,1.9555037140846254
26,15.158080935710224
27,2.1717052215224255
28,-5.167730334521488
29,-0.781232826574144
30,4.89364952510574
31,0.28206722300038756
32,9.087773525478397
33,6.2821374062111275
34,-1.2858490259618884
35,29.66322573820905
36,14.917793897226385
37,9.88742023393215
38,8.749250535231191
39,-2.536741119935914
40,12.210995834472627
41,7.453954155357736
42,1.2531587026096886
43,-0.7833491448025081
44,1.241560225543045
45,2.6741466818884243
46,1.698106210530395
47,2.1785146908186945
48,1.9815154764402312
49,-1.8944953846518091
50,0.30330679251404247
51,0.2685810150070882
52,-2.690616417324785
53,3.486671223036181
54,3.9354477101722
55,2.573790895792401
56,3.1816332406523156
57,-0.9988180758568039
58,4.077375451894622
59,22.00342653935956
60,13.6424491556409
61,10.421448902234644
62,14.141859068870545
63,7.710150169201336
64,0.3855682556077973
65,8.214245162884684
66,14.329170892238617
67,11.433637411424915
68,15.171450076354745
69,19.288078503764606
70,15.451064018910088
71,16.756664514871247
72,10.388160129177903
73,5.167324348335478
74,18.481996420658
75,15.66880177171732
76,21.77927636763074
77,4.58059356878896
78,7.215731546662436
79,23.443697103719536
80,22.191966262166265
81,10.450312290663561
82,12.36940297301609
83,17.93171429889521
84,12.38501469855745
85,4.439977375424098
86,13.947662776216676
87,2.461301661634251
88,6.8284041167378
89,-1.7358717801204238
90,8.976379745085389
91,13.110616302490234
92,8.118838238027752
93,7.678155426979065
94,-0.33573937108719765
95,-0.74079819254555
96,1.1235419397399173
97,26.309252572395906
98,14.491306412047358
99,8.959971511353993
100,10.686196081783029
101,18.042693351373195
102,39.099883016772154
103,13.290184063148645
104,11.715693549710819
105,13.014804477135044
106,13.075783134376458
107,16.887646117210387
108,24.727928261671103
109,26.506463208366284
110,15.365773832798004
111,9.918542245642186
112,13.026021787074718
113,10.1672503693262
114,8.764228119182219
115,9.78142654833131
116,18.31601073006578
117,24.103710166501198
118,28.014600906904132
119,23.933372860390264
120,19.02443268033869
121,17.55052105980309
122,15.653762085437775
123,23.06137257778436
124,20.971606044621993
125,21.779799356474584
126,33.61795053109364
127,21.488789802832816
128,21.593771009247202
129,22.764342180711886
130,17.714572133489742
131,11.884778935137504
132,20.819478984079968
133,19.428018513882776
134,22.094125007576757
135,29.544081544931302
136,41.51510850592241
137,18.171221442198622
138,16.089008009433748
139,13.947785046917204
140,8.68041015749126
141,13.358846709579964
142,18.17190169927093
143,19.84087861528686
144,20.47880892321505
145,26.037103156401905
146,22.3780402559191
147,29.223549184027497
148,32.31045347246356
149,43.54765978399439
150,15.254369681298051
151,19.69676397243031
152,22.392457175419914
153,19.525145588682896
154,19.864012606905476
155,19.88023637132194
156,37.56285086767287
157,28.352369169238727
158,21.967774630741754
159,12.70154740818638
160,16.68463351807813
161,28.388663052390307
162,27.575174486051484
163,21.610318097439354
164,26.9572322263031
165,18.174368940292336
166,18.32918204833883
167,33.418804293440715
168,41.15148664506165
169,25.243712626060955
170,11.248044326791462
171,11.82818417429924
172,12.793373689995658
173,13.562421963121905
174,10.217053982917914
175,14.499651959114747
176,19.480733986524267
177,28.784482931152134
178,29.909874697599676
179,28.698491584930256
180,17.12239635801126
181,20.8812248295649
182,25.435515783173734
183,23.671932951861834
184,26.1189391343519
185,38.71089369933621
186,27.029155244478545
187,32.951428952648364
188,26.70577281092028
189,30.449886297398546
190,23.15571597529471
191,17.239279213889283
192,14.262965050889616
193,17.814493296862306
194,31.604957876609458
195,22.816533983716955
196,22.963769565605876
197,22.585681157122387
198,33.11675411920207
199,31.945422227402226
200,30.207076978116014
201,25.08707988723229
202,36.910731156585
203,38.17595008769938
204,33.53552500156079
205,32.49071540420189
206,20.692822198736604
207,29.78824070780214
208,29.68544748309926
209,24.77354000124397
210,25.913869171676684
211,25.469194688372713
212,31.078986042116775
213,35.146834065065605
214,37.63835430790638
215,39.11205814865385
216,44.65227340517548
217,39.940459764721446
218,42.6308744618701
219,38.555058681081036
220,32.23286010958645
221,38.418403350494074
222,41.11038471869699
223,31.865204911692622
224,32.635936928430866
225,29.974915266434397
226,34.23109651113037
227,29.54885626073447
228,36.272021817608376
229,39.33067341919912
230,35.57995244676145
231,36.016538947784824
232,36.137243223050746
233,46.87227248733858
234,46.18486768298679
235,42.789739409430624
236,35.57739010578906
237,55.07384905101515
238,50.23047315264506
239,43.440607110273156
240,43.35302017338171
241,52.386754818956675
242,49.00726758303577
243,52.1085899796539
244,44.786955442367166
245,46.05296157346197
246,47.689507913674724
247,44.34224337692662
248,52.648173992473374
249,45.55240442217135
250,42.913039804562075
251,50.523056609300205
252,53.78466228770961
253,54.52837207314144
254,55.75456537909352
255,53.95676483189793
256,49.08551054651855
257,41.924987794162526
258,33.57556047059778
259,39.240201612187775
260,35.5038507079001
261,44.67963576477146
262,50.239386327410564
263,40.69983659537516
264,40.197118564984706
265,31.931130793478367
266,39.6746415016562
267,50.43148401197702
268,48.413216850671226
269,43.38126652387469
270,45.58973406205837
271,45.843135365308115
272,48.68853151578282
273,48.99825799023699
274,51.86249417443897
275,50.996093476786065
276,45.983424346140275
277,38.40303147201395
278,43.8649195408372
279,33.495152327869924
280,39.20363074128795
281,44.256396222980484
282,41.50205284221294
283,40.711069454750024
284,47.666691240452515
285,42.28540060112729
286,47.53152703487376
287,53.04745971463869
288,58.737582450391976
289,53.137110341589924
290,45.148645339767285
291,37.07721003566026
292,40.36906167405738
293,36.669115202084235
294,41.03901054751718
295,51.867946460890074
296,51.50563648594919
297,47.98479550525024
298,49.40026921329199
299,44.62954268539661
300,52.89097352558124
301,50.05650256993173
302,47.00414332449708
303,42.562213047748315
304,40.12920453925961
305,46.59483693901369
306,44.74643658752009
307,48.19316062635271
308,50.88133936432238
309,48.32727063033215
310,52.58953505215926
311,58.16573029740823
312,57.74799318207635
313,43.00250262698637
314,51.135047056410045
315,49.78211697812638
316,47.56097634071184
317,44.991867027114466
318,50.27243130949198
319,54.439136083244136
320,52.409824670128934
321,53.66844541809178
322,53.479395189627844
323,38.4031234311684
324,51.724436745470726
325,36.11754455687895
326,37.520351785963825
327,39.77703204416662
328,37.132968422735885
329,41.497669109850094
330,54.17115694941031
331,57.04436917292544
332,53.60813879588059
333,54.46768048292159
334,42.49384705805478
335,42.7176645407189
336,34.508536020120516
337,37.70293234946312
338,44.03237723142084
339,44.61397527296643
340,41.1744141405652
341,42.19080079529875
342,48.18004156636793
343,50.04609209638566
344,48.47451336429043
345,42.07625577043662
346,41.48715633014571
347,51.956841252196895
348,54.12836746971728
349,52.29587066864607
350,46.2325917193046
351,45.94281489221598
352,39.59004762609005
353,45.5433264477061
354,45.44612212744126
355,53.91234362814161
356,51.535009068833
357,56.59450659693106
358,56.09477738679883
359,54.91261480532854
360,52.51436624574128
361,48.77224156469119
362,52.19935777250491
363,49.14935982847035
364,50.09889288344935
365,49.895865540443765
366,43.42031501021462
367,45.91065881392338
368,45.06991214289633
369,50.40760418413344
370,48.241961041304904
371,56.35343606207106
372,50.574743431954474
373,51.52097933787657
374,48.58146167089269
375,51.54372411916405
376,52.06603657515663
377,51.607252531518476
378,52.81869299055963
379,42.00135184509804
380,36.81784703067157
381,49.283365273741985
382,47.44297413824659
383,49.71000566428315
384,51.258282292973206
385,46.35129611995717
386,47.490578629503766
387,46.62602746411395
388,49.01474014693209
389,51.2290224907296
390,53.90390517895449
391,57.323413687173854
392,44.876990903708176
393,47.40133014243642
394,45.863879794316865
395,50.103088835764964
396,49.37840662341446
397,53.607293369942084
398,53.475072108305895
399,57.033637142205535
400,60.19768204826987
401,50.28954291698076
402,52.547795877417194
403,53.20310896922072
404,53.06245451010803
405,55.48504334193244
406,57.073557495249716
407,52.61094315408855
408,47.39568098386393
409,55.285886176472765
410,51.18285958817618
411,52.81018314233232
412,52.749964687069166
413,53.52970562282273
414,51.220580776690156
415,58.70065379087719
416,56.05465166331162
417,54.34057121863642
418,62.341937222455655
419,53.69842910854651
420,52.19850133829204
421,49.96777102135123
422,53.38125781567142
423,50.43366628564508
424,59.01199421596443
425,56.54462470597841
426,53.96693284466352
427,59.06809866784378
428,56.99233523909747
429,62.75164640638563
430,48.550581772098894
431,57.60961262469899
432,58.04294784239095
433,49.145151349828296
434,52.53565377024383
435,46.967368291622535
436,42.66332101595987
437,53.16159376996857
438,49.274215269788
439,63.351206511322424
440,59.69497728379668
441,59.23440881960391
442,50.67396970246798
443,49.0595875256262
444,43.302780450471325
445,42.44981743599041
446,41.51359203629687
447,49.824666307806595
448,57.76417523019226
449,50.00425410396861
450,46.753450232744214
451,45.27592706819902
452,43.2224392996028
453,44.263269647908245
454,42.52382129108208
455,46.64184296757706
456,49.577471147296464
457,55.39769293540124
458,55.673056004090675
459,57.05701727006105
460,48.52503877817152
461,49.93474288750769
462,47.661702366680416
463,53.05729653759592
464,47.778293292060035
465,54.889411359572016
466,48.05853529421253
467,51.52492116324613
468,47.36053104530954
469,48.66939436422916
470,50.53225273672353
471,47.794497912954284
472,50.97706113230893
473,47.69182687482935
474,44.146247585612414
475,48.695947483581314
476,52.223993289883026
477,54.6898537609287
478,55.177259886695666
479,45.73413054996889
480,48.12102562152697
481,45.66411632967013
482,50.89103595171375
483,47.350311814717415
484,50.7277546074955
485,44.58250281209273
486,47.65462184693665
487,46.75475027894797
488,47.58040742437735
489,46.96499136856454
490,51.159920503544285
491,42.909795419236325
492,51.79098310841716
493,55.61303988368697
494,52.53718567689882
495,53.032214937898814
496,59.407363411902914
497,56.07370197691574
498,54.28604978014016
499,54.33584874866123
500,47.55318732083692
501,57.807636634062966
502,53.772676509762505
503,59.54425386338277
504,55.65390113836306
505,51.66269417766293
506,45.85039251386793
507,51.554007326261186
508,47.416319708351175
509,52.72151406868734
510,48.242502946109035
511,45.40524993707416
512,49.19365341141512
513,50.139968082278166
514,59.49963071182027
515,52.04168586535426
516,51.30682505746936
517,50.03218136543724
518,54.962146479199966
519,55.49397554493096
520,54.576016481693685
521,53.62107017459835
522,57.93237870927275
523,51.903318797172005
524,40.90502756441399
525,52.54600741925751
526,48.059151904846416
527,40.70765224932472
528,45.93724028615332
529,42.008841118067394
530,39.773797300761295
531,37.46654922314117
532,44.47823820993093
533,45.321561521734516
534,36.85773392138616
535,50.00424436039191
536,48.68955479214991
537,46.44291084865784
538,51.59774017838928
539,45.642594190777906
540,49.34732563705492
541,50.88414717048239
542,51.93992115476227
543,47.99756215505785
544,51.77273447258215
545,46.351048179098456
546,44.52130694145633
547,49.87742046707637
548,41.760658781893326
549,47.00101569434866
550,52.42815410774787
551,48.525843852495484
552,44.59662943305913
553,52.970410938239446
554,46.38891745352403
555,51.96242986780377
556,43.65912496045088
557,50.71189281178654
558,46.979726861860506
559,46.06002290272411
560,50.90614820762089
561,45.595933011395026
562,51.2812539151549
563,45.560334422240985
564,46.58789249422451
565,45.09209533298031
566,41.59354936371622
567,45.45675159764007
568,41.541848995502484
569,44.966599407590145
570,52.74401766000087
571,52.17548394287372
572,56.11036985929457
573,46.168669733120694
574,38.29141783870149
575,38.609531342983246
576,42.68845827296323
577,39.7150710679957
578,44.31662599473073
579,48.52029942276929
580,46.46441283427878
581,37.79887548588564
582,39.85041127467737
583,42.55210634112358
584,34.69101679136399
585,43.71697675710608
586,42.52001143336296
587,44.15141058188002
588,41.15497337570843
589,45.233987823065206
590,47.66096759876899
591,44.265544700909686
592,48.26395282479552
593,37.24967411397193
594,45.49285184581451
595,46.18705494463734
596,49.1519523485586
597,45.655050832993055
598,35.05206207610216
599,40.76391256570816
600,34.713827637328464
601,47.63689698320279
602,38.39158799386591
603,43.90326532528069
604,46.47451288783541
605,41.15004569044636
606,42.40444401529531
607,47.52814960363945
608,41.027969398498534
609,41.868774915586485
610,39.16346877433301
611,44.22635290525622
612,45.35520904217637
613,39.07306095181475
614,51.64070580542166
615,44.934897008942016
616,43.77913451342734
617,50.161551592143894
618,40.782850818112024
619,45.50411068551448
620,46.87937484576955
621,36.858712178409014
622,40.953940088713054
623,38.47013519868783
624,37.72995332241058
625,39.46924624569836
626,42.16781916136677
627,47.2514880198703
628,29.925082607540972
629,43.12809147490403
630,48.100247980584655
631,49.29607043959896
632,46.29953038518422
633,54.02707266882881
634,42.98674969827341
635,45.5447852861216
636,43.36522825621307
637,48.91034651678109
638,45.63847793541337
639,44.58622593404524
640,45.70516266042358
641,41.266279505491255
642,41.31964426981055
643,47.11668328013977
644,45.33406786033798
645,46.20897612407329
646,46.53255009013487
647,44.69897354164141
648,53.092047878189405
649,48.257376774667335
650,50.88683056288051
651,41.51539407638469
652,55.655111117528044
653,51.27330405228675
654,51.13381031383021
655,46.45148881722385
656,42.22380173213169
657,44.71782770702742
658,47.720463297513604
659,45.330056153799354
660,45.39540184471069
661,46.80003201663757
662,46.250186547265535
663,54.676823309195385
664,45.9852573264815
665,52.63111927139123
666,42.84955637288718
667,46.27802199127512
668,43.58451369522836
669,35.754629684767764
670,45.15629489242093
671,44.92133548561634
672,47.40152412256412
673,45.352348386261994
674,47.808198333140425
675,47.05584215870137
676,44.082547356866776
677,45.1791211464817
678,46.277527296518045
679,45.23937291622162
680,51.97787250173943
681,42.59158899356709
682,43.138224625476525
683,48.932493174723035
684,41.07945716356868
685,46.35922765845609
686,48.48104830730777
687,40.32377724506854
688,33.75792258158992
689,37.57744117139316
690,47.28516354674677
691,39.867019872577195
692,45.274283111529506
693,40.414554625214315
694,42.504347165992606
695,50.76001016178393
696,53.94708588736445
697,46.47393434311046
698,47.70041260036926
699,49.090983892544656
700,49.42015957969559
701,53.05906075305421
702,47.778762474593165
703,45.888826083343616
704,44.62123417994427
705,51.11861542095882
706,44.13278530213991
707,53.3914758233949
708,45.57949619678845
709,44.92315950632096
710,44.86899994048937
711,38.650058668876476
712,39.23166948089212
713,44.5394071759592
714,43.68058839420914
715,34.27547493457794
716,35.92300893089542
717,38.28498895168305
718,34.216730388471326
719,40.50502804508561
720,44.380342507362364
721,41.120304752223056
722,42.04956831097603
723,44.56825220304948
724,48.67921253329362
725,45.43129068777283
726,43.87855877280235
727,36.51933148145676
728,38.75525228663273
729,36.903889712095264
730,33.15132522940635
731,40.277636319272005
732,45.36337608456611
733,45.985245601533485
734,49.440393138525174
735,46.52434302042447
736,46.464574987888334
737,38.66048078894615
738,45.998869132653205
739,49.5235195500346
740,53.75246170590923
741,47.626825632219145
742,46.11478972059575
743,50.280747329998235
744,45.24726466544657
745,44.20592771180095
746,44.690176965395985
747,45.29567388403196
748,51.05652715435332
749,47.79128157012177
750,52.07592201572059
751,49.96125333430598
752,45.015599478739894
753,46.64199771523476
754,48.34323480809997
755,51.20714608222503
756,46.53480652208246
757,50.85975864498735
758,52.63090358831809
759,45.29744207589458
760,43.17900809526483
761,42.11548806163048
762,44.595529111830665
763,51.66446902652484
764,48.332831678390505
765,48.25764538358995
766,46.769766174554825
767,51.20150611470291
768,51.52972393290332
769,52.60910833471614
770,50.40004860225833
771,48.386865267659914
772,45.80474864936372
773,49.886979510406505
774,49.258065209258646
775,47.09430940141445
776,40.739695243057525
777,45.79549609254198
778,44.28074462729086
779,50.89087136369575
780,45.53546735525131
781,52.896782561458544
782,42.389594779958706
783,44.17494979129571
784,38.914536294937136
785,46.692923240789334
786,48.766588247091164
787,42.09111379841365
788,36.44212955746781
789,42.49532723352989
790,43.79417763613732
791,45.41263566187193
792,45.69521542513114
793,38.253585213121426
794,46.60146274484917
795,40.47369859695434
796,49.5636842273762
797,47.34980818586162
798,46.380652858260305
799,51.941385724397506
800,45.080508306640866
801,48.31486501781907
802,45.56135782775906
803,51.736817151405944
804,51.395279971002154
805,43.618865534869165
806,52.98628560952159
807,52.97807970856047
808,50.27679246637
809,49.82953006708486
810,47.15122449778136
811,52.60981688657553
812,44.13010225938085
813,54.46821034912462
814,50.31965165970092
815,52.80876596360122
816,47.5860549463805
817,50.88446209913302
818,52.06638615489012
819,52.45399930161132
820,48.3204399523947
821,49.611626675131276
822,51.45305276613319
823,51.49515737142898
824,42.00177424836419
825,48.0433100938877
826,44.54848441062673
827,46.114195533192266
828,46.43192961236124
829,50.172594242183365
830,50.07478805160192
831,51.82370079455232
832,49.52935968864759
833,42.527380638611724
834,48.01968080948468
835,40.058932123430765
836,43.65743209177424
837,38.658110930294505
838,44.440198373397024
839,36.50735241221596
840,40.55730598233759
841,42.19852538735979
842,42.04568188701263
843,42.1080980017135
844,38.089648805856704
845,38.19915171238693
846,35.37975281411281
847,40.8332519523301
848,37.07207576751709
849,35.84726195733424
850,40.529774378332725
851,38.65687185699452
852,41.78959607471116
853,31.588263077735903
854,42.62693984915787
855,38.70625652384327
856,44.18971473813057
857,45.62024491413299
858,51.05274471614085
859,46.638343493684076
860,50.171380381718194
861,43.4231310481789
862,46.72844691239226
863,40.25678772709097
864,39.03845954472003
865,42.72260187967724
866,48.31106396573204
867,45.10996114045654
868,44.50179876638411
869,39.78857434511185
870,43.512407458164866
871,42.31537776296737
872,44.63083720465046
873,52.0720344864987
874,43.53212666611363
875,39.19704716801643
876,39.60914419646534
877,37.623468613932516
878,37.0001879905342
879,35.18856496270396
880,33.93242623209953
881,37.93377253651619
882,37.87367759777528
883,37.14387643087052
884,39.77899642374233
885,43.60336857914925
886,42.49045729455924
887,41.3981947783849
888,41.85648949697486
889,43.622241550683974
890,51.5244773415903
891,44.90501369110264
892,34.19327352450856
893,44.39681708225236
894,37.8956418566232
895,39.5210037958622
896,37.393006250858306
897,43.56111472345382
898,45.50223710144261
899,41.09390498571496
900,37.96879722356796
901,42.15408307219361
902,36.823586843140085
903,41.52060588913575
904,47.857284116466076
905,50.23317599104302
906,49.45575389320959
907,52.060551332235335
908,45.22829653531667
909,45.05734371030902
910,55.32492270793503
911,44.57431913160293
912,50.86863069157155
913,55.327784798716934
914,50.64914397500506
915,57.30039533474024
916,48.606477705809716
917,40.6031134448826
918,47.965443924186914
919,44.830191577672956
920,38.73684898609838
921,34.288122602701186
922,43.53327833771706
923,45.29475353980563
924,47.10003439136837
925,42.29244074196252
926,47.607150216366314
927,41.39446275559731
928,47.75973802425559
929,47.64513144064453
930,46.97727519927108
931,48.86642187261892
932,38.85607526378782
933,39.60219527882458
934,33.67177718280042
935,34.67532311898623
936,45.149542447672054
937,40.78017612437151
938,45.04468141551853
939,49.41799813859018
940,39.56537394458957
941,45.1091970040487
942,44.190632075682345
943,39.25014668436903
944,42.73225809131311
945,42.840137086259
946,40.61873926876864
947,33.9430392763659
948,38.941280936002734
949,34.362510571648656
950,39.63116760815647
951,45.13230507440145
952,42.294505429648105
953,48.40341121924557
954,47.36248870620964
955,47.738055490357375
956,51.37544637169573
957,44.78460095883875
958,50.78841240212938
959,41.98185380014041
960,44.6295168377517
961,43.93366198758675
962,40.87172205439372
963,42.54594485681877
964,41.795870240491666
965,42.5286975375582
966,42.24171381850989
967,32.166227402752625
968,44.45286520243761
969,34.006290874250794
970,38.24006029584526
971,43.081302623773745
972,50.00260806025198
973,46.70084571057559
974,45.28903132673284
975,47.895687542466774
976,49.814103767607
977,42.20276489665939
978,51.33821170990859
979,50.89033676986371
980,40.626246906335226
981,50.50254497375129
982,47.2556766095898
983,47.38520869489204
984,46.891512621691206
985,50.491951035446455
986,47.66037531902697
987,46.3218039598527
988,42.3534085386648
989,50.70277101263967
990,46.30785808161519
991,43.612087094532484
992,30.1157819284105
993,44.28538572804884
994,34.45574480836914
995,39.17122548097093
996,31.005864067285366
997,29.40453137397766
998,38.12703958471988
999,40.03797691980887
1000,39.34008147063711
1001,44.546866011871046
1002,47.97878538831262
1003,40.088814653041865
1004,38.901357544409805
1005,39.42260360575198
1006,42.38985330189085
1007,45.59340147753408
1008,32.07124156117439
1009,40.33468902243107
1010,44.67392738275284
1011,42.70361874796821
1012,34.818810671847544
1013,44.43007494211197
1014,37.7497152628224
1015,41.675615624406625
1016,37.29390663487839
1017,45.630885550203985
1018,38.23554356269061
1019,44.16451911037758
1020,45.35806399950791
1021,40.31373306556018
1022,40.26284762437601
1023,49.49502249975793
1024,44.10853415608406
1025,49.1628637754806
1026,39.40257645368576
1027,42.613689160993324
1028,49.842619063854215
1029,41.8142915769449
1030,35.98617280275606
1031,48.991025567054564
1032,39.386612878394146
1033,38.18656572485586
1034,36.7365228337265
1035,43.41296234582978
1036,40.113854672852874
1037,43.07732258439064
1038,42.953974130256306
1039,49.09332536458969
1040,47.890668972417984
1041,32.912238446175
1042,47.39624137198173
1043,42.55345315208916
1044,47.62712111831194
1045,49.83899816583263
1046,43.16854320298574
1047,45.97369524335684
1048,42.79454182386398
1049,60.286828533260284
1050,50.19741268716084
1051,43.16071930265275
1052,45.61131804154353
1053,50.3985102536417
1054,47.31326050445616
1055,43.02184840123306
1056,46.61507789220773
1057,36.95152562618256
1058,45.763522012233736
1059,46.02241883408318
1060,45.38837614240096
1061,50.55674132105857
1062,35.164437813062335
1063,53.52580492234674
1064,41.53772235087942
1065,42.037533214209176
1066,29.33620893359184
1067,39.85377139974501
1068,38.11776990771293
1069,37.32638615347449
1070,39.617343485309554
1071,43.750199616086356
1072,41.28445019364357
1073,42.31875320159026
1074,37.47551708459854
1075,36.29894272544671
1076,43.89838146774768
1077,43.504615112822485
1078,31.459943974018096
1079,35.03435811002314
1080,36.065524712441466
1081,35.08479759695954
1082,30.593366656744738
1083,43.961391284690365
1084,35.2594860320223
1085,36.4949294257164
1086,32.89935187750963
1087,36.6471835233965
1088,39.307308748960494
1089,41.68727292838155
1090,44.57533050663089
1091,39.22929790854454
1092,39.041286759965715
1093,39.909177514157605
1094,48.7210298016826
1095,45.98157762236822
1096,37.792386919260025
1097,38.265293491143694
1098,42.10461343772074
1099,38.163280520027186
1100,33.47916875560144
1101,41.37425505290126
1102,38.43723709736496
1103,42.12414328490721
1104,40.63638362234556
1105,41.64028261472611
1106,44.00606147545773
1107,32.78705990830808
1108,38.92410415429846
1109,39.705724062414546
1110,39.30226569031663
1111,39.33650525308919
1112,42.38670140029046
1113,43.11837377786637
1114,36.8628871011734
1115,32.39266713141967
1116,29.469020358913568
1117,42.483734627923205
1118,42.17697674947201
1119,40.43213489890018
1120,42.186190526054304
1121,47.31755396677892
1122,38.997374546527865
1123,39.28821874380112
1124,46.28808516228083
1125,46.371353626724954
1126,42.02910088618888
1127,36.75938847962965
1128,41.55861815017667
1129,38.000138613174045
1130,42.0901352409398
1131,46.53394042253854
1132,43.47325965184729
1133,33.249134232997896
1134,40.072052914694936
1135,40.21048175215721
1136,39.20471066474914
1137,39.23059303955876
1138,45.43685228870818
1139,45.67186641800229
1140,45.759161653204615
1141,48.571194057363165
1142,49.339930516388804
1143,54.46389943347685
1144,52.770820969023404
1145,50.38593439187579
1146,49.100757493578364
1147,45.35020638385863
1148,40.86631921960174
1149,38.04450744719431
1150,40.282483588457104
1151,44.63726105536228
1152,43.92015557444852
1153,40.19722733596786
1154,39.97740365743637
1155,47.79750220053599
1156,46.189257716904116
1157,41.055206657648085
1158,44.74983292127219
1159,45.970778867528885
1160,45.997558710575106
1161,40.23216185166116
1162,44.6426763065818
1163,51.81910453786712
1164,32.9332937669754
1165,34.97384318863023
1166,49.421581112901606
1167,46.7464773504871
1168,46.83114154550217
1169,44.284247389697136
1170,51.62951901490109
1171,50.46923671974842
1172,48.5991426407286
1173,44.19057322962331
1174,39.39701584465966
1175,46.238315218817505
1176,51.397266750235055
1177,47.318203328405204
1178,54.36677277577322
1179,47.019899077231585
1180,50.61101292259072
1181,46.09886960552705
1182,55.60517633477358
1183,48.83105919735909
1184,42.12427007628717
1185,41.816330405760205
1186,43.84745090404254
1187,43.91868306090603
1188,45.038216186385746
1189,44.00008973353526
1190,41.440784466179664
1191,43.83578243992456
1192,40.7381189692479
1193,46.27712421722145
1194,45.884584851814004
1195,38.12028935313904
1196,36.31775725007057
1197,36.54214442253113
1198,42.44157437437443
1199,38.590752226114276
1200,48.53756109859806
1201,47.9972494131298
1202,40.739605884636816
1203,39.92326731801033
1204,42.46102009415627
1205,45.109849106377794
1206,36.303157396809986
1207,40.8030407775587
1208,45.499150390626696
1209,36.99192146328724
1210,36.102565048264196
1211,37.11697780773818
1212,43.90519649160086
1213,45.891391252279284
1214,39.47540090085608
1215,41.89757966978666
1216,45.16548104483661
1217,39.45962164425774
1218,51.096005802445774
1219,44.82704209884134
1220,42.52362346377545
1221,48.08834735388606
1222,38.99021037537982
1223,44.219582483765215
1224,38.028572550209326
1225,37.00638839483261
1226,43.12188288160101
1227,37.21153399586677
1228,38.47639504551888
1229,46.79516651262634
1230,43.23665806970793
1231,48.27358209224832
1232,44.42272032079664
1233,44.73611004114151
1234,43.406024285554885
1235,44.574352073023555
1236,37.58798548836861
1237,47.66382917091309
1238,38.90551052387086
1239,44.1485851030649
1240,39.468390882184565
1241,37.02378298997879
1242,41.205464784655476
1243,52.92624354690171
1244,36.41677353816596
1245,42.087613785681114
1246,37.63616940400203
1247,39.37664299845696
1248,44.16533298429421
1249,30.92441424369812
1250,43.58938871427198
1251,44.90219658905202
1252,40.76701274517683
1253,37.980287391669066
1254,36.37770235144323
1255,38.04585107394239
1256,38.640647163391115
1257,42.47639137393452
1258,40.52204949501828
1259,35.85756564817494
1260,38.83219027819444
1261,42.68811123791387
1262,33.853558155243356
1263,41.16848470021266
1264,44.87879136090992
1265,45.49913727479838
1266,39.580595870018
1267,36.0865489782508
1268,38.240484867140694
1269,36.99883484601975
1270,43.22264851808548
1271,37.48772851366959
1272,45.449348914708374
1273,39.122364478036076
1274,41.78876522498514
1275,38.76894614577294
1276,36.68690185999551
1277,43.53330984188958
1278,38.85988137245178
1279,39.15740397272285
1280,45.98431168027207
1281,45.94618660410624
1282,36.26283075652759
1283,43.045022135727514
1284,45.662457994249586
1285,39.560794653145784
1286,41.582869329703215
1287,40.30209047436714
1288,37.31821323402807
1289,42.37652979189737
1290,39.627624016048884
1291,34.99066723682344
1292,40.18151200437036
1293,44.838743375021444
1294,39.53479357119042
1295,35.94077827957254
1296,44.33400221347809
1297,36.55263143532045
1298,43.61925285649577
1299,50.12982560522897
1300,52.95606573319657
1301,48.636830118756166
1302,48.17165729219489
1303,43.101892751535836
1304,42.11906053211636
1305,39.27949962258339
1306,39.609613835811615
1307,44.36959857470002
1308,47.58256924813276
1309,44.36528815150261
1310,42.02916742254663
1311,39.08811612010002
1312,42.72920891313432
1313,46.17779793294893
1314,45.6850946672225
1315,40.514564303119485
1316,46.34917910825935
1317,43.43961791007893
1318,45.07139305747678
1319,42.56765120687913
1320,39.934656554460524
1321,43.72405857437243
1322,42.06565133861772
1323,39.03167866477605
1324,42.83141957988325
1325,40.16039650460951
1326,47.941419150797294
1327,41.092034345777414
1328,48.4669622782861
1329,48.83829862808463
1330,47.73808304313167
1331,50.43127914522718
1332,46.502804864645
1333,46.62403625899071
1334,56.16710771192644
1335,41.92590202518042
1336,52.088418429340855
1337,41.37807107338322
1338,45.09670892140974
1339,44.542492219761705
1340,49.88892838326532
1341,36.45488894684822
1342,39.67419058855002
1343,46.88330377459526
1344,45.36979796315906
1345,42.00941827010899
1346,40.96429497842451
1347,36.80364536881447
1348,36.36240878309617
1349,38.92414793252945
1350,41.78821029037146
1351,39.62802683310406
1352,53.137031734806584
1353,40.79287025392704
1354,47.96532273400064
1355,45.092707202847926
1356,47.96404304272802
1357,44.66185077320599
1358,35.459649767194975
1359,42.14760901344937
1360,37.60645974397659
1361,48.8254574598734
1362,43.61563758303777
1363,42.84295621340224
1364,40.57233531951904
1365,40.47308473481841
1366,33.801390806487646
1367,38.299645571650004
1368,45.07327961479361
1369,34.64699779159523
1370,51.11775736158026
1371,43.29787173509598
1372,48.79994149261172
1373,44.796383417509844
1374,48.351105230513085
1375,37.33007924066039
1376,43.86725268607813
1377,40.56637612674183
1378,40.344065421819685
1379,52.86412982166943
1380,44.85633015115973
1381,47.61900345217168
1382,41.172541969208325
1383,40.6136532020595
1384,46.39715086365118
1385,44.23634383733071
1386,48.65230822425865
1387,41.939329459667206
1388,41.28255650281906
1389,45.30529828485141
1390,45.5651193572513
1391,41.024750146638944
1392,46.606826070666834
1393,44.20959617167305
1394,43.14203121261467
1395,47.31089461863012
1396,47.65473188356174
1397,40.422351981659325
1398,44.384608427286146
1399,42.967116655027844
1400,49.92874147440995
1401,44.239029267363385
1402,32.28880520521201
1403,39.35410128173274
1404,32.710043775789075
1405,36.581664838950786
1406,36.21725625075023
1407,42.986446701920705
1408,44.31472913223286
1409,47.50603492918816
1410,44.34724548166318
1411,44.5055008613703
1412,46.99189263866579
1413,39.45072974782421
1414,36.880812723719814
1415,40.85000349283219
1416,42.228002908074075
1417,40.244257475340476
1418,45.214696452713774
1419,34.81540434204496
1420,39.59832831459051
1421,38.41636001428678
1422,36.87991044219242
1423,40.9538207776139
1424,38.52371280756623
1425,36.68132584715376
1426,41.81780900044782
1427,40.353894237856146
1428,41.67071623711587
1429,35.23756515506712
1430,25.74533604938946
1431,36.1205270357169
1432,36.06389851553392
1433,43.09854470861717
1434,41.65441877450931
1435,38.29628547695096
1436,44.55537544373257
1437,45.40749238040346
1438,43.82327321999716
1439,48.36835994242773
1440,38.09933226674327
1441,48.01457242969646
1442,40.648406960469885
1443,39.7009184326669
1444,41.810666595589225
1445,43.18456034881717
1446,50.71977975279302
1447,51.3851088382243
1448,44.38844810519147
1449,43.29428532527076
1450,51.63048706555284
1451,46.22697391379114
1452,46.56774400439149
1453,51.99106364680801
1454,49.049028284594655
1455,45.045236726314776
1456,42.19387381199927
1457,44.85052125878729
1458,38.6553901369202
1459,43.35804700490323
1460,43.62225220362957
1461,48.83129229024796
1462,45.20229737758636
1463,43.80651808430305
1464,45.239644918285215
1465,39.64248939044232
1466,37.824148833859795
1467,37.94580693048243
1468,44.32296792198623
1469,43.543004738159915
1470,34.734175979644725
1471,48.73500577683756
1472,39.31423414230347
1473,41.248591227038084
1474,42.7576100981919
1475,48.119829335772316
1476,44.3528483873349
1477,41.09299038230518
1478,48.76002200878725
1479,50.08909767931592
1480,39.13472687860889
1481,37.26455622695172
1482,46.70557555020436
1483,37.008849844932556
1484,37.07469490647316
1485,35.52217930003402
1486,44.06755597512408
1487,43.72910867953768
1488,46.763812357163204
1489,48.2481307784307
1490,43.52271558146325
1491,40.544939059019086
1492,36.14900168657303
1493,45.401971553488025
1494,47.6522227995103
1495,43.453135764634396
1496,36.56714842044949
1497,44.06878658287361
1498,40.98361697747175
1499,43.54755334854126
1500,42.311180057515756
1501,45.277477122982944
1502,52.03761171811801
1503,49.142071335196334
1504,42.90088064440132
1505,48.537488934830314
1506,45.41309914675871
1507,47.64773012008744
1508,48.061528872923375
1509,52.339837661870305
1510,46.437045871944115
1511,41.72074085531257
1512,52.935359543967884
1513,51.13370016158231
1514,42.349208254563
1515,46.07464334881669
1516,45.891344512827864
1517,47.298431814487365
1518,42.63100067395199
1519,38.78706624523181
1520,39.063463068649135
1521,36.798458105510015
1522,37.107636686563495
1523,37.263457182994514
1524,40.778650154993166
1525,51.2727845914175
1526,37.67301642179489
1527,43.26374337115581
1528,45.05565118731853
1529,42.760453251065435
1530,39.40144916385187
1531,34.1097527551651
1532,40.23707759474778
1533,34.038596949556094
1534,37.12077518242301
1535,29.592257171869278
1536,35.04933633839424
1537,45.45815547294058
1538,41.482935992163355
1539,46.51242188290052
1540,50.15664536393906
1541,53.868149967084946
1542,45.90482057667617
1543,44.97878743767738
1544,39.97943515160909
1545,41.793570982586424
1546,42.94216668025945
1547,40.93412857695258
1548,39.86349821865015
1549,42.29492531776428
1550,40.259324074560304
1551,45.90553410963189
1552,39.093231576203
1553,45.122407948970796
1554,47.503822356324456
1555,43.02739072484636
1556,48.04363011580578
1557,40.028541351416514
1558,47.241031406715464
1559,45.196836834481246
1560,48.50492700821066
1561,50.5184470446306
1562,45.398060211943324
1563,47.0349516116795
1564,45.204738400232536
1565,45.44653522177187
1566,42.267131048064115
1567,50.78612851268797
1568,45.5848378916819
1569,43.91997802268659
1570,45.444387450009714
1571,45.05034885792118
1572,45.91088117378527
1573,52.15327541163812
1574,53.53670728062985
1575,39.602520538687365
1576,45.552723101223776
1577,48.15958125077338
1578,49.225862451781666
1579,44.07194372177124
1580,54.12171431824859
1581,51.83513074076745
1582,52.409486254032764
1583,47.136178986694844
1584,44.65037610032148
1585,41.58536338210106
1586,50.92086694741558
1587,46.53266726661703
1588,44.43937508327996
1589,52.1102271340773
1590,43.058351188072955
1591,37.86966698781198
1592,43.82385788239578
1593,45.47397803957819
1594,48.100965358839105
1595,47.95670396068227
1596,48.70882943912007
1597,46.07200753305334
1598,51.22445675815462
1599,42.83845355355447
1600,44.66951432916007
1601,43.41772047307538
1602,45.84718668331741
1603,33.641760838475044
1604,47.06536862281076
1605,34.503889807147566
1606,42.37061484036032
1607,38.18343015127584
1608,41.77706097245216
1609,36.47653120006741
1610,42.44447031259537
1611,39.3194859457016
1612,41.91026564671646
1613,51.664921452821666
1614,50.28137580666346
1615,45.92869650155937
1616,45.342795821223476
1617,52.26362675606344
1618,43.453834794386296
1619,46.170751371065954
1620,43.68634915851177
1621,46.60514629193613
1622,47.23786952865029
1623,47.582240363857046
1624,43.94010525190251
1625,44.91473816739216
1626,45.55785251498738
1627,44.425088258398
1628,43.49510711128084
1629,43.16320351413406
1630,42.962591801270875
1631,46.85972320774523
1632,42.743600660575495
1633,45.299541163444516
1634,52.58003461932777
1635,41.831981273169006
1636,34.73229978285313
1637,45.52721806359599
1638,37.64185332401167
1639,47.213398212733004
1640,43.597170755141036
1641,37.57104124930561
1642,48.886434465646744
1643,38.290330028365766
1644,50.09572307567863
1645,49.900004667389545
1646,51.9599897205317
1647,42.984131065974765
1648,48.020597846532375
1649,34.36300304040689
1650,41.79720841413002
1651,41.83735122227976
1652,35.15518893058699
1653,35.16139752566959
1654,38.08016902163691
1655,42.888745880342206
1656,52.15752069333219
1657,47.59416326621328
1658,41.111257405217145
1659,38.18213510113775
1660,35.10459957930274
1661,42.06484776964862
1662,39.50047853469849
1663,46.91444167914972
1664,44.07790735244751
1665,45.636634139765306
1666,46.541168717282176
1667,46.27495199082322
1668,49.88200791256481
1669,42.5320664771661
1670,44.897425128719455
1671,47.07661646529054
1672,43.11551002979279
1673,48.01632691134236
1674,41.128382011571
1675,51.06462861515913
1676,42.749972612797116
1677,48.71739017330303
1678,44.49494818500149
1679,44.38849562219479
1680,38.79517540314025
1681,44.23477232882709
1682,41.22261027652928
1683,44.54074994147028
1684,43.39317502721701
1685,43.65990689110905
1686,45.009211108845946
1687,46.92248633898297
1688,46.8938369709102
1689,42.50426793776925
1690,40.7030146103718
1691,35.625501817971625
1692,33.52362213751585
1693,43.54722542285919
1694,37.46440336227417
1695,43.365868359103175
1696,44.679335255565164
1697,49.80348210937633
1698,50.193894867946305
1699,47.65288733280077
1700,48.25638037975791
1701,43.430355377197266
1702,40.09388840658348
1703,46.82329389363445
1704,38.83060064028137
1705,43.15371210336685
1706,43.83225069570571
1707,43.16884522779307
1708,42.495905363774895
1709,45.011106251109666
1710,45.465511678649236
1711,41.659210211875376
1712,48.28855286145313
1713,39.244172879129536
1714,40.70666891336441
1715,31.318204454217476
1716,33.90530533891592
1717,31.861864896284047
1718,34.60939423970016
1719,36.08936206080029
1720,47.04281550681993
1721,48.73934219531748
1722,49.57075907648078
1723,51.69749601450275
1724,49.19669988577917
1725,52.03056467337072
1726,46.098369280817955
1727,54.43510979512554
1728,46.64118763094276
1729,53.06588402613919
1730,53.56537378685343
1731,52.769205273683355
1732,38.94984516369063
1733,46.15811033646377
1734,52.63360744867117
1735,39.73260652700444
1736,41.41846612163147
1737,38.165131517648696
1738,43.41965594477285
1739,50.61625937322912
1740,46.478416769088255
1741,42.35726390583444
1742,49.42673347049681
1743,42.57582974443387
1744,50.07791240167937
1745,50.52549178602627
1746,52.324188278896116
1747,44.68408939181476
1748,43.89959925948039
1749,49.470140387733196
1750,50.68613265707576
1751,47.77732693681432
1752,44.225563339423864
1753,43.596419203414676
1754,40.380956442625966
1755,44.519653362035754
1756,42.29918202838071
1757,42.87366445686409
1758,48.39075812297462
1759,45.89339372872997
1760,44.401385986851054
1761,54.227278948734046
1762,49.6125486613277
1763,47.08098165433494
1764,48.85052966594696
1765,44.89724878770371
1766,46.983568226489325
1767,40.6421610444704
1768,41.89506930463542
1769,40.80089279232998
1770,50.09395520479907
1771,43.81550466786201
1772,54.27800748274744
1773,48.38443471099995
1774,51.56538521744037
1775,47.88354775315568
1776,45.075212730832234
1777,45.31626512926461
1778,43.38207791219173
1779,46.467702703711396
1780,43.72010826974421
1781,46.37488304079558
1782,46.006282667194924
1783,42.74209784027433
1784,44.69695024412591
1785,49.63754181384675
1786,42.048247257963524
1787,45.093683662014726
1788,40.12315025039567
1789,46.51507639882448
1790,45.81128164122309
1791,52.060931296210946
1792,51.43579326834888
1793,50.345905083781865
1794,42.4219831756975
1795,48.02747755586401
1796,39.12832084586862
1797,35.60388895750046
1798,38.60307357557208
1799,38.518899712382925
1800,44.32864976578551
1801,50.19085994867101
1802,47.59976835810639
1803,45.22039978253045
1804,45.767623655880485
1805,43.645900292650644
1806,43.71377635087846
1807,46.169086755329296
1808,47.27406023747437
1809,38.02351374068399
1810,38.45270851908564
1811,41.625689625756294
1812,43.03742708053718
1813,38.35814042806284
1814,41.28944264544684
1815,35.925911401813195
1816,45.378566607431246
1817,39.68686770864099
1818,49.855457924263675
1819,45.511572673919545
1820,42.541773088100236
1821,43.18490762039539
1822,44.302351026446026
1823,40.66552440643311
1824,48.15708922139084
1825,37.62922421809306
1826,44.4839432007639
1827,40.75460831284523
1828,45.691935844553946
1829,46.01773510370552
1830,46.96761638346395
1831,40.41049169272267
1832,41.37768107285464
1833,46.15296147020034
1834,48.74358430835442
1835,56.698672312092725
1836,49.9387644753754
1837,44.96836758237337
1838,52.18943578981523
1839,40.31784311471046
1840,42.655738654681016
1841,43.18334372398419
1842,39.33165434718132
1843,43.42808551452715
1844,43.90403162471587
1845,46.52021377269164
1846,48.09218923000448
1847,38.14527227269195
1848,44.48353295679744
1849,43.95462614726547
1850,42.96068843971349
1851,44.16411524107089
1852,39.99613551020622
1853,46.655115295673944
1854,42.462152686128206
1855,49.27317424001651
1856,56.31511947052512
1857,50.694849319457234
1858,51.56203482158926
1859,52.54553725419124
1860,42.851289301961124
1861,46.2357012289861
1862,43.02671057379023
1863,38.596386668299175
1864,34.050788262717134
1865,39.999372664690014
1866,43.30437983028993
1867,40.643545205407435
1868,43.166254046783656
1869,44.50366745613525
1870,52.647601279258
1871,55.36053670537957
1872,45.74819677188877
1873,46.9753344108723
1874,47.19726269448235
1875,42.87832649345251
1876,39.05441857882845
1877,40.47830631375313
1878,39.06134328731018
1879,38.9235993460572
1880,36.61863306017918
1881,37.62204125369145
1882,42.272593837639356
1883,39.83601086293793
1884,42.361188555020085
1885,41.67389726638794
1886,36.878748048543926
1887,38.27473400126162
1888,46.84989645864358
1889,40.79231161274274
1890,47.52689960434825
1891,37.893765783046206
1892,31.865058515575637
1893,37.48607455360916
1894,31.588901411656494
1895,37.21991235372105
1896,42.985005633910106
1897,43.43886768577054
1898,45.82937816757703
1899,46.55613671312857
1900,47.189791127443314
1901,43.504784915623034
1902,46.00352323066505
1903,48.482728182476926
1904,49.494802170075
1905,44.36312466067517
1906,51.9690413150789
1907,40.80851808428764
1908,47.75985446530085
1909,42.8832282375679
1910,47.026315452689936
1911,44.700696651019236
1912,46.12839927049224
1913,46.85268279564463
1914,44.07857855718944
1915,39.588767142053
1916,48.10458058476448
1917,44.88065775181802
1918,46.846822757254806
1919,40.3401235462661
1920,39.92179219532356
1921,37.04530863895424
1922,39.32703853368759
1923,40.26710337800969
1924,44.58434668971709
1925,42.63537470295373
1926,46.30321301441378
1927,50.74814647272816
1928,43.121406949556295
1929,41.09218409186238
1930,38.64055664919495
1931,38.17660099370763
1932,36.33221033382879
1933,36.13195953048876
1934,44.521564049333435
1935,50.01180534647479
1936,50.40096645601847
1937,52.1058679863187
1938,48.72331051121617
1939,50.64661560875137
1940,49.3689799836899
1941,44.24303553816067
1942,48.08673106381063
1943,49.831140164291796
1944,56.58333319607387
1945,46.9209141991854
1946,49.62906614497978
1947,43.13677334263004
1948,44.5026568353136
1949,38.38782807998429
1950,43.67218395401226
1951,42.052618566361986
1952,48.79083708379844
1953,47.12360975378825
1954,42.507223664659875
1955,48.06196676395424
1956,49.126238365920436
1957,54.73343862402827
1958,42.29583067546794
1959,48.69786394279366
1960,46.940863233193916
1961,48.13289800644537
1962,42.65696576224039
1963,46.87337446207708
1964,44.72731046304299
1965,51.53500299378234
1966,48.09351072188624
1967,44.56897697784909
1968,51.20975949967488
1969,50.11876338022755
1970,51.35475860781605
1971,48.565073185108176
1972,43.62566266379183
1973,44.05811846309381
1974,38.936604835870185
1975,38.35393876910209
1976,46.27371001410785
1977,51.21476548449087
1978,52.16392936632517
1979,43.56760088840086
1980,46.912111177952184
1981,38.64183320641518
1982,36.46299106955528
1983,44.08484685234666
1984,42.34483399073285
1985,41.5429044735928
1986,50.44226186319945
1987,39.94667703965081
1988,40.954940204414214
1989,52.017966373433254
1990,46.737726494135856
1991,46.082277318964145
1992,51.305536768854715
1993,50.59025926243974
1994,44.0394891548824
1995,41.18666593084753
1996,49.64130511645261
1997,42.74349896596032
1998,51.36590672338358
1999,50.116221146588636
2000,42.94104789282487
2001,49.16900025629221
2002,39.63321356329781
2003,49.46960754694335
2004,48.27288479924202
2005,45.62282504205996
2006,47.75934732405562
2007,46.66287930599452
2008,45.63905135586789
2009,48.79995560211506
2010,45.8037292272353
2011,45.32720368253583
2012,48.963499102219195
2013,38.55369064174252
2014,38.68852761082172
2015,49.299678632686145
2016,35.70305329918861
2017,41.87213040445142
2018,47.43825265043837
2019,42.12188055446103
2020,46.89143877134744
2021,42.449504235523634
2022,51.08875618810332
2023,52.37527132882692
2024,48.220783673727496
2025,49.32102484901145
2026,47.46877433346286
2027,50.02046732973232
2028,51.342117219457556
2029,55.66408790996586
2030,51.46973501440011
2031,47.53653754948716
2032,46.34626981501762
2033,46.32098443352376
2034,48.88444685103985
2035,45.91351600155896
2036,44.544643368918486
2037,51.03884904591716
2038,53.87642094819103
2039,45.35421410016866
2040,48.896288999543344
2041,50.3202897223347
2042,53.30328016771173
2043,52.191110602522535
2044,45.62889027789443
2045,47.270736635491126
2046,45.38671229682273
2047,44.72865686105469
2048,38.54180325308718
2049,45.727562132435224
2050,48.51864758200743
2051,53.50111138003365
2052,60.60710951044845
2053,58.98335093462541
2054,56.558881913493956
2055,40.13837143901915
2056,40.20502790134879
2057,44.15092094945982
2058,45.81692537923335
2059,52.75593198895586
2060,42.19374662019253
2061,52.76287279192144
2062,53.35947804068946
2063,50.93964378813329
2064,56.572447401301964
2065,46.19972090992656
2066,47.90361751518283
2067,38.31490708901292
2068,32.509233742731155
2069,45.00889880689157
2070,45.33772189841315
2071,50.648258857738234
2072,51.02703540612184
2073,39.734279476225225
2074,50.72510880146282
2075,47.163022775438854
2076,40.795136128362664
2077,51.78960315898615
2078,49.54509689725229
2079,54.43446242502172
2080,45.63574689031065
2081,51.29229591822692
2082,46.34833903226556
2083,52.395085629282676
2084,49.2216901188423
2085,42.18095798797623
2086,44.62217325176053
2087,47.7420042177293
2088,50.66723199405191
2089,55.41150561260632
2090,49.74554415417139
2091,45.6363146007061
2092,49.35759313875595
2093,48.675430670022955
2094,56.243710935060555
2095,50.8109415197918
2096,49.04359921529369
2097,43.38200140534643
2098,45.24212024324627
2099,42.317449203089
2100,49.43285377036014
2101,47.282527674666014
2102,48.8804610936718
2103,45.36512537389904
2104,44.73537168130661
2105,38.192752809354914
2106,41.334439417597714
2107,51.31126200330465
2108,49.39706631857027
2109,50.28465603695444
2110,50.497280239677465
2111,47.251554164472964
2112,48.920216647017355
2113,44.746804292262794
2114,53.090567716428644
2115,48.51188048787482
2116,50.73549668953346
2117,50.274731831678785
2118,57.85739146338202
2119,51.81182558222698
2120,57.507097880901654
2121,53.93117471308589
2122,48.287362873732484
2123,48.39623676591437
2124,46.12249315162934
2125,51.56950970354434
2126,50.36188189790417
2127,49.43418286828257
2128,50.6739065530185
2129,39.30784520983696
2130,50.63420794391374
2131,46.10961780487213
2132,49.56599004082808
2133,52.15139343250009
2134,50.34618981701147
2135,48.265709371840856
2136,50.54631458929843
2137,53.25278747453362
2138,46.41407646712478
2139,46.473917051463125
2140,51.7530035253799
2141,39.42562640190125
2142,46.638951353967286
2143,47.01694850649262
2144,46.915772651284186
2145,52.10375870392725
2146,47.161976264962874
2147,43.54566332188595
2148,48.200862094750086
2149,51.213168858841605
2150,49.526758523064125
2151,55.304389952683614
2152,56.769581283206534
2153,49.250994047575404
2154,53.79062831716651
2155,57.49744220917111
2156,50.919431065562904
2157,48.024195208984075
2158,46.57696233403518
2159,43.58760725960901
2160,51.23428427165089
2161,53.260666264832615
2162,52.48455871888469
2163,55.99525985004996
2164,49.90912279127072
2165,44.02753735436175
2166,43.65598746657371
2167,41.406150804764316
2168,44.04523369364155
2169,49.61541250006429
2170,48.61469705870512
2171,49.66775492796615
2172,56.95062791047084
2173,56.57422166954973
2174,44.797272941198244
2175,53.285597424669675
2176,53.28468756781756
2177,47.90899162099694
2178,51.166632598565364
2179,47.3679650553797
2180,48.85335236820385
2181,43.439947813092814
2182,52.03267271767951
2183,48.62016631439993
2184,51.02699478483003
2185,46.48288128184068
2186,51.967673713122885
2187,57.638609061922814
2188,59.6927405754796
2189,56.68024326946794
2190,53.22058880617326
2191,54.2858355424757
2192,49.11194398201553
2193,47.35885911944679
2194,48.57925513653833
2195,49.314073027623444
2196,50.9872749854814
2197,52.71180900714461
2198,61.25380946158921
2199,48.61408438226092
2200,63.19763218809818
2201,50.41236389079609
2202,52.939904442041936
2203,52.54684059441551
2204,63.86090243237949
2205,63.297131981952795
2206,47.94562490173284
2207,58.592229230668806
2208,61.55247102006208
2209,59.9278243224284
2210,57.32998482885011
2211,57.90158171731991
2212,52.04508236408064
2213,56.97493779750991
2214,55.08325164265103
2215,65.8702295309787
2216,57.0614069857654
2217,67.60444674418133
2218,57.31975451929416
2219,57.6092609132761
2220,64.89288938081685
2221,61.79132289027859
2222,59.750441454555656
2223,60.268547928298545
2224,58.970638708975216
2225,64.92977811724448
2226,60.660238027089974
2227,62.27941753534404
2228,53.80694299887423
2229,59.1966627698602
2230,59.20506335736433
2231,59.3370221879887
2232,56.18961724180218
2233,53.675516523918404
2234,52.443168224902614
2235,59.533725070376484
2236,61.74252962710807
2237,51.167176951661006
2238,65.72287683951558
2239,58.6713754845411
2240,54.63254353523853
2241,56.71216850375574
2242,46.77240578623622
2243,49.81686133892929
2244,51.008412002496826
2245,54.49851908155535
2246,64.6148560905944
2247,57.95083400838496
2248,50.876592348388854
2249,50.323955374598064
2250,53.489256944874036
2251,53.02235963422133
2252,50.20299692142055
2253,48.175550590159034
2254,53.75857937495372
2255,53.41031380532384
2256,64.37147894645923
2257,64.24230441538873
2258,59.78199520837417
2259,54.987141811033126
2260,49.99515165091817
2261,55.85891856647495
2262,63.69145427955292
2263,59.862395816917065
2264,55.66248037535189
2265,60.02078639699872
2266,58.19756245331019
2267,57.608524038839604
2268,62.12556728656335
2269,57.97893886394405
2270,54.19315073168366
2271,57.80326953520466
2272,55.47502862220693
2273,47.67084829959376
2274,53.43820974625832
2275,54.997795310276636
2276,52.62271510424375
2277,59.99426339139853
2278,66.79329153528252
2279,68.8349970278337
2280,57.65198835544987
2281,59.89328381650715
2282,56.45247569208599
2283,61.72764941007954
2284,55.493926219940185
2285,62.14154619343649
2286,68.55249289812456
2287,66.25141166437297
2288,53.53120041825022
2289,59.533339455922444
2290,65.07224969599159
2291,68.08384742142782
2292,59.74250997755263
2293,61.85248944749316
2294,58.94396367919789
2295,64.10680033570563
2296,63.437386858417355
2297,54.20924578980154
2298,54.915934865891494
2299,52.89116971388154
2300,59.19799202734923
2301,62.814533071045815
2302,61.66154564326404
2303,61.762766015216414
2304,63.34627366610096
2305,61.64502378623569
2306,54.161174081905244
2307,50.65925874006851
2308,63.648481982650544
2309,63.06860607381929
2310,62.6983425479465
2311,57.08523938555681
2312,57.55372068444278
2313,60.19717301924421
2314,68.15476336448273
2315,55.317202957591434
2316,60.644925390512725
2317,56.58190015604849
2318,61.791130344901774
2319,54.01269587373486
2320,65.87870198534277
2321,60.21052405970842
2322,56.85994733995125
2323,61.50541053919625
2324,73.32941154183297
2325,69.99566345897655
2326,62.1941111648819
2327,70.06357865365136
2328,68.77035614391822
2329,53.819503678215874
2330,70.72827331715044
2331,60.28288869039531
2332,54.346168727035696
2333,62.70974528664569
2334,49.32401608578541
2335,61.39021088570152
2336,57.251102500191685
2337,62.19626907364766
2338,62.49922223107326
2339,54.25479813517737
2340,65.82624860765198
2341,69.20194820189818
2342,64.14093439890627
2343,61.946140099739516
2344,62.12486871024694
2345,63.707671587342816
2346,52.7235311571757
2347,52.67564020522816
2348,65.43302802807382
2349,66.54644171911274
2350,57.546789328715676
2351,62.52232610134139
2352,53.2780316199843
2353,58.41735051132007
2354,55.95222421714932
2355,54.825672904599955
2356,58.03445721877135
2357,62.99681260114801
2358,67.98565311253861
2359,47.08567403936714
2360,57.100059950686024
2361,51.264460459351554
2362,57.8299451100645
2363,63.75820404714243
2364,69.24478373037476
2365,60.206965522061374
2366,70.79528176484736
2367,78.00293802076673
2368,64.82676361417029
2369,48.69321209037501
2370,52.17129008502052
2371,53.069058554326475
2372,59.62961134754314
2373,49.918534791189494
2374,64.79960742756974
2375,61.00374047392665
2376,64.45455913512066
2377,59.5491607399518
2378,62.299619620597106
2379,65.40295842112185
2380,61.08003180547963
2381,64.65178895443934
2382,59.445218073527016
2383,67.42246970242284
2384,66.66566304249494
2385,58.57966176418907
2386,65.14483974071953
2387,70.8712391163808
2388,61.70034146736759
2389,60.8077524862569
2390,59.138235471930884
2391,69.00807068442482
2392,65.88902558389437
2393,62.807901679373195
2394,65.59538053369866
2395,71.71382481406052
2396,70.05688802368904
2397,67.21882879797295
2398,62.64410827384409
2399,62.03868731134249
2400,58.69592497538417
2401,50.88596768039939
2402,60.914103002758864
2403,59.60293622214273
2404,59.528988155990504
2405,54.3266978341013
2406,61.143133082540885
2407,60.37342247058792
2408,52.2046393429207
2409,58.75874075632196
2410,61.91104104330613
2411,61.891084409732905
2412,58.73732350985209
2413,63.96885243347869
2414,67.98976455197388
2415,61.80367146875627
2416,62.180964346079946
2417,57.022214480335705
2418,63.034033405329
2419,55.49070717866292
2420,53.201206985426936
2421,63.243008098718335
2422,71.31604699295502
2423,63.36105417746422
2424,59.86712112244193
2425,63.54711845860438
2426,51.99708623184338
2427,59.30743566475431
2428,57.74546923483082
2429,60.391722714918885
2430,57.26981715894368
2431,62.427457000228664
2432,66.57079931000033
2433,62.225885873794155
2434,59.11497115734927
2435,64.84092119047334
2436,55.20241802631869
2437,59.45893273903368
2438,53.69353947356416
2439,64.59991776691041
2440,65.87062073098895
2441,58.78816423507399
2442,54.800819896510475
2443,65.29518479378427
2444,69.38431102915949
2445,64.03315804100036
2446,60.460556966962244
2447,58.147762514444125
2448,60.79583788108127
2449,60.57666323359635
2450,53.83451810950869
2451,60.674482752136576
2452,66.43148945803169
2453,52.78435696382983
2454,55.92075505236087
2455,64.47910941650275
2456,53.64186876999044
2457,55.669490570960434
2458,59.94720413700476
2459,62.08991707284939
2460,67.11752784916425
2461,56.41343488656191
2462,58.4808713455733
2463,56.426628966369584
2464,47.78297895044596
2465,56.36627833288648
2466,49.3127034239251
2467,61.23169095046437
2468,59.48005868226102
2469,62.43461888310579
2470,60.338744554108054
2471,64.30494845044555
2472,61.16260732629558
2473,59.32173555211636
2474,63.81355868826472
2475,63.64319333809281
2476,65.49853721500567
2477,53.964847276681816
2478,59.73375802252028
2479,47.582885681737004
2480,57.989250272168334
2481,57.195615560566935
2482,61.539257046929464
2483,63.471032934823015
2484,63.197205395247416
2485,57.79647804276826
2486,66.01136621151113
2487,66.34250343077419
2488,57.22310819732009
2489,58.72275968013842
2490,51.986283553905025
2491,56.1332044576732
2492,51.842434307576696
2493,53.827089408546406
2494,56.67307550324334
2495,65.13529474446955
2496,61.667929297214805
2497,59.28645102886702
2498,65.66131638429846
2499,64.01997612480046
