0,-4.632062643851878
1,3.6930494869003585
2,32.70369898274852
3,-6.217056645754337
4,0.36203813738307744
5,21.1681178303079
6,16.37710583045868
7,7.12915808674377
8,12.46296824688119
9,23.192136761553474
10,-0.5656310624967444
11,2.496426013714622
12,17.506549856189316
13,15.286130168371423
14,1.6391430186561005
15,8.047403668993116
16,18.217286396026612
17,2.69636664305691
18,11.68978489109241
19,24.125499133623677
20,14.02812330868553
21,21.40449018045572
22,19.62379962500507
23,24.271020208479065
24,15.137148524970208
25,27.485202798874866
26,22.2370862250241
27,28.561823994122797
28,26.85211837855646
29,37.026069468960856
30,29.292672118153373
31,38.53574767069151
32,51.65164379119873
33,50.733851243370324
34,45.341923960110975
35,53.40078380090177
36,49.3142909114984
37,48.65490474859819
38,57.628403524312205
39,71.74531795992466
40,69.782908182754
41,68.87591779532251
42,66.25423255357208
43,72.62225154983447
44,64.54343365057983
45,72.47264139938108
46,70.26227155678701
47,79.78433470402749
48,75.92457047320127
49,73.19909322241189
50,79.52044055808913
51,78.20519783250019
52,75.89682502863928
53,79.66612264845942
54,76.05413099480977
55,83.74987211678094
56,82.39929593261735
57,83.3556932482833
58,84.67275790997525
59,86.49240060386519
60,86.5282714912928
61,81.86935856580769
62,83.56312171192218
63,89.63905146374158
64,83.77751742938968
65,86.0026270626633
66,86.55075356212778
67,90.67757254363768
68,89.80872965982691
69,89.50029033314098
70,89.73448850769621
71,90.41201720908744
72,89.7464980387347
73,88.01248220422585
74,91.09499594180468
75,90.96210392855457
76,89.42223427765721
77,89.4805212690533
78,87.53115828474073
79,88.87015219538226
80,88.79838891397287
81,91.04611221888348
82,90.07314052965577
83,92.09935322925533
84,92.10858852049212
85,91.62781333871784
86,89.57310070991898
87,88.04360736670327
88,91.96480222966497
89,92.23903289264184
90,93.36788733854482
91,92.24131587996209
92,92.9373098712825
93,92.29761084702795
94,92.53302785470552
95,93.20355888842144
96,93.12777523922597
97,90.972953616147
98,93.18287312531154
99,92.77319230226514
100,92.50669145800522
101,92.7159766997104
102,92.21589449819561
103,91.99210832501458
104,92.88015468557042
105,92.9665992750289
106,93.10337587715377
107,91.25714434390369
108,92.41015114200235
109,93.6810980368507
110,93.76382322082605
111,92.61916820466075
112,92.84042395497977
113,92.13220819198406
114,93.43577138760067
115,91.50665298882556
116,92.14531632061973
117,91.92926552628087
118,93.58549059225456
119,92.38519726361007
120,92.45923790353805
121,93.19248474738957
122,92.24802233205892
123,92.07689693797718
124,92.81498783688306
125,92.4279613777656
126,92.70500345228587
127,94.32923150043189
128,92.98079048091316
129,93.37879378090294
130,93.80859243342132
131,93.34875705703374
132,93.79406341078372
133,93.3392242316331
134,92.88407769090001
135,93.19956916933434
136,93.43052608243237
137,92.99700514956982
138,93.60073285310467
139,93.68218854327364
140,94.00523633853129
141,93.2351007923814
142,93.71857014715454
143,93.35618314362983
144,93.21841936075059
145,94.1365109699914
146,93.34719879317754
147,93.13117098203574
148,93.06405762457716
149,93.20169253568635
150,94.06089014772377
151,93.42958657947105
152,93.3701313355937
153,94.30942624518605
154,94.26605629488436
155,93.71883653903497
156,93.37608875163866
157,93.43212767653753
158,93.09521197722239
159,93.44139199820926
160,94.02502443681927
161,93.442508781751
162,93.83182560424198
163,93.29156558213697
164,93.37784462256096
165,92.55234104562032
166,92.88171994081608
167,93.87564613581331
168,93.1200192540785
169,93.35034024216529
170,92.18307199498265
171,93.60859873682617
172,93.02562336276642
173,92.96068106728534
174,93.93828006354813
175,93.09372084762995
176,93.75461381176878
177,92.44506801952237
178,93.28137914971464
179,93.75502412306264
180,93.36592921562826
181,92.95649889272737
182,94.06004059309723
183,94.32794932788265
184,93.63239552690628
185,93.47104564988226
186,93.18076148459258
187,93.73098960081737
188,93.62294567841211
189,94.10149920896706
190,93.94266574029845
191,93.87045849408945
192,93.69814175577064
193,94.04741168587077
194,94.06084263903723
195,93.27871966330838
196,93.76092354427378
197,94.1880205595885
198,93.94105525211407
199,93.6006795762735
200,93.74963379313095
201,93.23129065003819
202,93.77500414334499
203,93.86298710962583
204,93.70158207893371
205,94.00617447780861
206,93.60570456473937
207,94.00822151273411
208,94.0446822003901
209,94.08125257554411
210,94.08196533521017
211,93.5030672841749
212,93.80472776114956
213,93.97208318754365
214,93.6916087355373
215,93.17395471923824
216,93.73074990750428
217,93.97959869384766
218,93.95008797982494
219,94.05575674541258
220,94.48466269867436
221,93.85390402325073
222,93.609186371875
223,94.25245335999035
224,93.31247998235233
225,94.18453276476554
226,93.94684453994269
227,94.65959098951087
228,94.06711549020373
229,94.06721150043614
230,93.88931786971858
231,94.06364473378686
232,93.4428874189288
233,93.93727891714273
234,94.0473807213097
235,94.41615720341122
236,93.91009375540735
237,94.14189180967803
238,93.80518570315394
239,93.97374507925355
240,94.37078033834621
241,94.39501148404726
242,93.95006294379787
243,93.96715634814886
244,93.65716571719078
245,94.32292129441771
246,94.35475415358582
247,94.04078611967215
248,94.26678295023629
249,93.31068027159834
250,93.12167936642965
251,94.28550328144344
252,94.60648289896058
253,93.09368689235792
254,93.90116296073755
255,93.09152249738516
256,93.60128181867512
257,93.74195975615514
258,94.08252872664687
259,93.89438296445368
260,93.55678421620809
261,93.59239977400227
262,93.96648727893829
263,93.92647945626382
264,93.04591633148776
265,94.22343618497126
266,94.03837221214688
267,94.19984188071867
268,94.04216254556174
269,94.3072370994467
270,94.78582580045452
271,94.42515363517862
272,94.50835280756105
273,94.57206584268974
274,94.09323453183686
275,94.40516639557632
276,94.35405398212413
277,94.6551869215434
278,93.7728113529398
279,93.23068969953046
280,93.91995381711355
281,94.13866962494039
282,93.46431988263157
283,94.10193881623357
284,94.22114770452973
285,93.69346532142592
286,94.38031442808345
287,93.44492595915155
288,94.13039424585347
289,94.13959730955789
290,93.8994527508558
291,93.96107831283771
292,94.47694889217642
293,93.8876852821016
294,93.8499127185887
295,94.37881788495663
296,94.3280976967295
297,94.49868404813488
298,94.55917361468659
299,94.50807873181263
300,94.20696646967914
301,94.36475373430503
302,94.41955521071688
303,93.9575354253834
304,94.4478144654435
305,93.71026784193822
306,94.41335563723082
307,94.20861002454677
308,94.23769216460515
309,93.63847389288159
310,94.31694705116452
311,93.98650123367005
312,94.58407150442677
313,94.02479121302626
314,93.83633998235067
315,94.07145805020843
316,92.81306632417167
317,94.19024719318962
318,94.30341673832922
319,94.36679392590274
320,93.9494904632943
321,94.79801469624623
322,93.91988199347577
323,94.26704437997478
324,94.57738072116832
325,94.31794743046112
326,94.46396976424137
327,94.41164116277007
328,94.18019212467875
329,94.41938977452959
330,94.27141111524347
331,93.91173817475637
332,94.00119797448254
333,94.39549331328887
334,94.16830624029646
335,94.39206427717
336,94.23278495244851
337,94.57358706871463
338,93.99778276799417
339,94.30520619378976
340,94.17496106422448
341,94.53530636965364
342,94.4696200869346
343,94.46803491948411
344,93.74407912095388
345,94.07844661394755
346,93.77242634858389
347,93.97052257625934
348,94.35460169944594
349,94.33926741845946
350,93.92830244981148
351,94.02777638103534
352,94.3381895741437
353,93.52744759631196
354,93.95185330877477
355,93.65572945429211
356,94.10036287169225
357,93.78452684559157
358,93.6925757558436
359,93.76036298310704
360,94.01021589231968
361,93.92691905762372
362,94.36284969189818
363,93.57555408063489
364,94.02262023293572
365,94.37118429430899
366,94.41768469076213
367,93.95675176858882
368,93.87062262734564
369,93.99605661182981
370,93.9925481637319
371,93.52914057586031
372,93.83665684261939
373,94.36116619626999
374,94.0298901298895
375,94.262525826217
376,93.96160932690417
377,94.58863714729613
378,93.90368773190323
379,94.56123200767914
380,94.73786258448644
381,94.53348440722134
382,94.1263095192457
383,94.7675298941546
384,94.24080602428198
385,94.52059587517878
386,94.46028166572357
387,94.36170322941645
388,93.96273138117886
389,93.97459056351025
390,94.1335526392389
391,94.13610632026767
392,94.2745633680672
393,94.13832087605606
394,94.25631068112622
395,94.32508279851228
396,94.05577648287597
397,94.04772957320736
398,94.09148066308931
399,93.93473443190257
400,93.98102197982125
401,94.22108694963181
402,94.2996613792697
403,94.22776660261613
404,94.2150695653448
405,94.28408211134848
406,94.26368789404525
407,94.45006801913243
408,94.78675467470329
409,94.78298013708108
410,94.11501259477481
411,94.61011741743785
412,94.48734506499065
413,94.36419542220908
414,94.54017718473881
415,94.367817845536
416,94.51313409829132
417,94.5742712164169
418,94.53925767278044
419,94.63229799497095
420,94.47818904260079
421,94.38723215332337
422,94.68264175738018
423,94.39080674365697
424,94.35966898958789
425,94.52973986707303
426,94.34857564464758
427,94.43766071343329
428,93.74433285794049
429,94.04491218313625
430,94.2938762863022
431,94.44004477446892
432,94.50739374941142
433,94.27182306269573
434,93.89738042410076
435,94.44412424277671
436,94.654900600055
437,94.36184860481836
438,94.12678039512204
439,94.45654463505247
440,94.21030111494612
441,94.13859845795014
442,94.11687965579166
443,94.33782835058338
444,94.39026162721106
445,94.27919388005782
446,94.29226759028415
447,94.39947175415723
448,94.0274111892135
449,93.9225988350138
450,94.31406128501617
451,94.28759987513224
452,93.60664421596051
453,94.45039595822477
454,94.20985612429801
455,94.31013396845147
456,94.38114823842987
457,94.2625012100497
458,94.60397530491561
459,94.23683943526979
460,94.07428498148967
461,94.08809831937154
462,94.3396682808534
463,94.40020156293255
464,94.61916447441673
465,94.00984581637087
466,94.38789053782237
467,94.06769336390803
468,94.158387078568
469,94.04598067009817
470,94.49509360152761
471,94.1574288321428
472,94.57194277649072
473,93.92937731871129
474,94.67691894526388
475,94.75288899150516
476,94.42182656004535
477,94.73029694117032
478,94.39110822097015
479,94.37293695074044
480,94.57840553464395
481,94.32465332559848
482,94.42246389391757
483,94.07329477078632
484,93.96476863093712
485,94.06958616007523
486,94.1621334460115
487,93.71302105080059
488,94.45049165992793
489,94.3849343707531
490,94.52743507653017
491,94.44342660943309
492,94.23561316646469
493,93.77411541302999
494,94.20038145641534
495,94.27184796484062
496,93.71271338406711
497,94.08048218245912
498,94.50250335287119
499,94.38558209577734
500,94.3694486716736
501,94.65035735434175
502,93.97466299401644
503,94.42191392163816
504,94.19109434699244
505,94.62713784400387
506,93.76852575802924
507,93.65400814842141
508,93.88368067480691
509,94.22541062246242
510,94.31218102937922
511,93.89636074741382
512,94.34088869165909
513,94.48199261473246
514,94.27132767134542
515,94.27857854357985
516,94.08991204311123
517,94.28731231884292
518,94.01419083277385
519,94.29515086992393
520,94.36340467843448
521,94.21052039082336
522,94.28058215864878
523,94.05410602013833
524,94.27608203840231
525,94.24550688955512
526,94.16300487745526
527,94.05977464120453
528,94.56802173188964
529,94.308949665142
530,94.63488961446176
531,94.32595089008313
532,94.47229355716256
533,94.43939899316841
534,94.20096976077768
535,94.22375667644282
536,94.50068357587404
537,94.45941294651114
538,94.36947799241716
539,94.41556128813534
540,94.5595621604196
541,94.30221674132862
542,93.91812749172587
543,94.1491181997084
544,94.18407315656559
545,94.24682398983444
546,94.77837852881211
547,94.58318189528306
548,94.43027192976176
549,94.20646572231611
550,94.43080478279835
551,94.72275494355422
552,93.88943443606729
553,94.19134644695976
554,94.39987984588197
555,93.77656088117531
556,94.08134997395103
557,93.91161492388373
558,94.17214262011989
559,94.49691891615663
560,94.43287006108059
561,94.39971416374601
562,94.15417036446445
563,94.7469688305971
564,94.46484057084966
565,94.45319073760656
566,94.21060728777705
567,93.85793334455418
568,94.39443587883981
569,94.7018507555703
570,94.0412772154456
571,94.35121911666094
572,93.67121636708953
573,94.40648569219081
574,94.47968223153805
575,94.2572284585349
576,94.48027783365318
577,94.13682181147264
578,94.4599216065884
579,94.49915896761128
580,93.82388657373271
581,93.70346195039193
582,94.4801031719976
583,94.18777430852255
584,94.50419098134591
585,93.55281109564383
586,94.09999765850952
587,94.39328220107551
588,94.37521541402919
589,93.93121086279551
590,93.91318058735489
591,94.01469769175888
592,94.4462386121155
593,94.37326494970638
594,93.63728252848615
595,94.08687102062298
596,94.72225106229729
597,94.00482966684403
598,94.51686844761393
599,94.38992419079742
600,94.06969904104946
601,94.53048454979957
602,94.16755788458678
603,94.0667690933349
604,94.1551094643275
605,94.2918354392199
606,93.95102296373747
607,94.32697586840649
608,94.5484117760075
609,94.41483065714796
610,94.1782848215082
611,94.0454596595622
612,94.63521286750255
613,94.33652048003152
614,94.2123388304532
615,93.99157418414445
616,94.10279417652697
617,94.29295052227788
618,94.36824623985319
619,93.83638695520725
620,94.16210094053422
621,93.42468980732316
622,94.23815601369806
623,94.03434308017789
624,93.70177265583266
625,94.51585780436062
626,93.81547349938064
627,93.88690557537095
628,94.4903986142631
629,94.38191325644351
630,94.32194878531041
631,94.348580214489
632,94.05147678889973
633,94.11223053147395
634,94.43710832511593
635,93.92643949502187
636,94.37205828710286
637,94.20155990005121
638,94.2902811764809
639,94.11932508689371
640,94.2409910611644
641,94.465341616234
642,93.88103702199827
643,93.76479745921897
644,94.34666531117122
645,93.67820415456146
646,93.90123003892745
647,93.86868401845297
648,94.21470847848214
649,94.10684999232426
650,93.93760237139848
651,94.26788812625719
652,94.34432742161486
653,94.33482092749708
654,94.12942691488236
655,93.98973949671759
656,94.44213515150959
657,94.02164403869945
658,94.24741238488828
659,93.04898937783362
660,93.68312411574111
661,93.99071816891932
662,93.72342918718104
663,93.96351134259133
664,94.56527484699461
665,94.16854749290627
666,94.22950467230913
667,94.49561540930458
668,94.25974684463634
669,93.90006399096794
670,94.07117064138872
671,94.24400812541003
672,93.60680287996928
673,94.13201668084412
674,94.04591309195435
675,93.66568740563481
676,93.78898071934178
677,94.44169068562957
678,93.91692146984121
679,93.53494282722473
680,94.36491766801451
681,93.79567292784168
682,94.09865104839372
683,94.43261552256372
684,93.79860564150044
685,93.96884046653084
686,94.34938147899382
687,94.13983442895099
688,93.79866320207843
689,94.11851545689186
690,94.37076122215373
691,94.55033722915385
692,94.44711731534746
693,94.39213447615798
694,94.37798374261105
695,93.90600803870724
696,94.52547777510887
697,94.39722315092617
698,94.57586960371994
699,94.31820340067317
700,94.38748422576997
701,94.64028558469427
702,94.3559382869323
703,94.10681473038949
704,94.51049451272748
705,94.40503448160082
706,93.92439616945276
707,94.00787636968063
708,94.06902301896156
709,94.07739520563155
710,93.88252905208218
711,93.89508442467718
712,94.06159588507312
713,94.2208022082313
714,94.58032676866685
715,94.03665351818634
716,93.69982429199632
717,93.36947890370108
718,94.36778165869511
719,93.74558337052663
720,93.90578146929575
721,93.61388787201652
722,94.4521338428822
723,92.90906882230887
724,93.88669243226146
725,94.20346200742691
726,94.2362650096889
727,93.97449554095375
728,94.35218998260746
729,94.31332888266759
730,94.56878981989098
731,93.91101946194966
732,92.5180078546155
733,93.64475509157113
734,94.19756803610566
735,93.7756522268257
736,93.77530257093056
737,93.87813834483543
738,94.42763148209625
739,94.23178610022406
740,94.09800288604612
741,94.19848099789023
742,94.41274366288071
743,93.95654961156005
744,93.86383433300529
745,94.00561701680864
746,93.71836827947351
747,93.8512979386046
748,93.15976763638552
749,94.14332507451375
750,93.5084428194607
751,93.84840607155628
752,93.6056931912023
753,93.94550637585587
754,93.53624248504639
755,93.90051544389271
756,94.30750529158944
757,94.07703407446543
758,93.53914801944234
759,94.52319262956217
760,92.8785326070463
761,94.06162667582043
762,94.31408980794278
763,93.83434691382169
764,93.87830899170342
765,93.97981616446124
766,93.91447224286198
767,94.3917170304715
768,93.83449256032162
769,93.93604528976569
770,94.188816190089
771,93.89652331416407
772,93.79857439321209
773,93.78201117844449
774,93.21633785990313
775,94.32454449570554
776,94.27876177482979
777,93.87082610176309
778,93.89101239034902
779,94.40199291527946
780,94.61044271263604
781,94.18854598025189
782,94.33425616226425
783,93.52825581617374
784,94.63513393113253
785,94.23735351280506
786,94.22793064854513
787,94.3515013371833
788,94.86473744759193
789,94.55456502724977
790,94.73772519366175
791,94.4332075016468
792,94.92429780106582
793,94.6437174290381
794,94.42797522539483
795,94.19010721462294
796,94.10962289790135
797,94.18750133181162
798,94.19057868510728
799,94.14188654237749
800,94.4363006584433
801,94.40626483770626
802,93.8227159662811
803,94.14660251924305
804,94.00798347986735
805,94.00815301248413
806,94.17376086095875
807,93.69295704800348
808,94.08829577597429
809,93.74777165955692
810,94.20680619359096
811,93.53663640663547
812,93.86028272636824
813,93.6375956579971
814,92.94890205872207
815,94.5152809453364
816,93.63319221160478
817,93.85330192369125
818,94.42136019190025
819,93.79360431970724
820,94.01289829611834
821,94.12647803843166
822,93.5567057487234
823,94.01981140170406
824,93.81393143619809
825,93.7323183267046
826,93.9300444513194
827,93.8872448906921
828,94.12112870489031
829,94.00993663240553
830,94.5068104002951
831,94.16920887312027
832,94.29665106701611
833,93.8405613885654
834,94.679316322385
835,93.20421203194621
836,93.83321065188643
837,94.23090710438183
838,93.94109507800619
839,94.12402423681567
840,93.82168328499542
841,94.30134179549523
842,93.86689373081768
843,94.43147395750526
844,94.27132943416456
845,93.75328305696407
846,94.16325209949747
847,94.212491961375
848,94.2525937890043
849,94.04471740497974
850,94.0206890632182
851,93.92470269031668
852,93.82121689501822
853,93.7416073846817
854,93.85213051307797
855,93.98442977915266
856,94.30569118588521
857,93.95031876172197
858,94.0732704070987
859,94.3220034361546
860,94.08606706696008
861,94.21519628629997
862,93.9248750336965
863,94.18399615045918
864,94.04474659226396
865,94.15689417044322
866,93.81088343369667
867,94.34629288799148
868,94.03166403256482
869,94.06009180416153
870,94.13331309438308
871,94.52150082517406
872,93.77547318444614
873,93.87068755321874
874,94.18535037379925
875,94.06514980670575
876,94.17101156010229
877,94.18111373345057
878,94.58336235184314
879,93.79002845228501
880,93.71088949202385
881,94.27511028520023
882,93.96291224565405
883,94.12106690032603
884,94.28998997451936
885,94.26934788290039
886,94.28283064802918
887,93.86106709534968
888,93.73244139671326
889,94.10720751986362
890,93.98309283056801
891,93.82789863574916
892,93.85607136526689
893,94.62794653079838
894,94.45210644414645
895,94.46345535696406
896,94.16393615683899
897,94.49916552858635
898,93.88871627617083
899,94.40246009507906
900,94.19091591806357
901,93.98784180050207
902,94.3825332887451
903,93.67409814705591
904,94.4522546535806
905,93.17607320716718
906,94.36905144204259
907,94.13032241028796
908,93.9827863792046
909,94.27562883758102
910,93.92103234477237
911,94.20476838764354
912,94.20799807719241
913,93.595013291503
914,93.9702443971359
915,94.31903149087975
916,94.17583513022304
917,93.71775890308923
918,93.95686472456707
919,93.87013154528402
920,94.437457752399
921,93.94926528955035
922,94.02982714467718
923,93.92767500622645
924,93.98513761237967
925,94.1732897282544
926,93.67641452585173
927,93.97431671638923
928,94.45934885367569
929,93.87048260149189
930,93.37513430595398
931,94.42257703746051
932,93.63454955763108
933,94.24072240548419
934,94.05625824271849
935,93.91565967838731
936,94.27352421174089
937,93.62918355193008
938,94.57586948679959
939,93.98737910200674
940,93.63368774672034
941,93.99992203258896
942,94.40832281594065
943,94.40882422204595
944,94.10628211424967
945,94.43016662265958
946,94.31220193223395
947,94.050970945325
948,94.01524228877136
949,94.50382085723508
950,94.2182861980691
951,94.19257745554054
952,94.05815366588874
953,93.70949635642313
954,94.04375678566505
955,94.05705572418263
956,93.65207717783173
957,93.9990013389338
958,93.30588715058654
959,93.7996237326761
960,94.1959747935617
961,94.27383844072526
962,93.8314272547795
963,93.50676119287314
964,94.20505178335603
965,94.40805682881629
966,94.17971639090302
967,93.02785463196717
968,93.85129584138754
969,93.76743122026501
970,93.37013719332472
971,94.54408405006676
972,93.43686694091369
973,93.79931178517975
974,93.50926725929766
975,94.34972611331014
976,93.404478273944
977,94.59124638790674
978,93.71637980798795
979,94.28713623453955
980,94.38220329859898
981,93.71735843195992
982,94.37015584376475
983,94.4300700907145
984,93.93874667259215
985,94.20783786699171
986,92.77627778286927
987,93.54800957739661
988,93.6695472040582
989,93.12686804987739
990,94.43812905800765
991,94.43704106271534
992,93.74478126932132
993,93.68961295787801
994,94.1507436367461
995,93.71875267561444
996,94.05543316065175
997,94.39736036073653
998,93.26901505981648
999,94.06422863112462
1000,94.49345378251208
1001,94.09952063804677
1002,94.37598111079289
1003,94.07795400727986
1004,93.64398843848394
1005,94.5634977261555
1006,94.30897828939636
1007,94.37751755653875
1008,94.45467603896599
1009,94.59166436641645
1010,94.07647963687938
1011,93.44657812616882
1012,94.30751858540565
1013,94.38554272317828
1014,94.05085982646575
1015,94.5107134613423
1016,94.35321852904136
1017,93.61857437463226
1018,94.24786020478196
1019,94.5450010059939
1020,93.77226981986512
1021,94.24679833081579
1022,93.88219259659462
1023,94.15129964697752
1024,94.1105630699101
1025,94.23418024206316
1026,94.38987740262489
1027,94.66506420011449
1028,93.92415346559478
1029,93.60799626540032
1030,94.56987469290328
1031,93.30624865027156
1032,94.3928706619252
1033,92.79273477187333
1034,93.97825332417489
1035,93.9780415602985
1036,94.31334315730942
1037,93.78300728612857
1038,93.99612743937409
1039,93.82587055251697
1040,94.2518756625355
1041,93.7865348482132
1042,93.86204100711655
1043,94.38400174858668
1044,94.13751868480551
1045,93.90274924119313
1046,94.37027971905627
1047,94.24225189848134
1048,94.28904194168118
1049,94.25628205976271
1050,93.65533016137192
1051,94.04791832270236
1052,94.21875242754668
1053,93.3538099816261
1054,94.27196782155384
1055,94.10830268425383
1056,94.4370753772641
1057,93.94638293135853
1058,94.49409833107225
1059,94.01939010285551
1060,93.84657267620811
1061,94.16877082192451
1062,93.9828409580793
1063,93.78887882101182
1064,93.81394453684489
1065,93.64797368719735
1066,93.23897930904249
1067,94.03116586713314
1068,92.87416226828788
1069,94.0762126007156
1070,93.9745058991483
1071,94.43452020149657
1072,93.45993342169248
1073,93.79103690605407
1074,93.51688532358637
1075,93.21540823105578
1076,94.16057540309401
1077,93.81290772122351
1078,93.79458716459304
1079,94.02111542614323
1080,93.690401374499
1081,93.81466536839802
1082,93.89237141765348
1083,94.07406752049506
1084,94.43874220766988
1085,93.96990251580537
1086,94.16108924774265
1087,93.67481632439055
1088,93.72160207377608
1089,94.07534107844035
1090,94.0592289379932
1091,93.44350558442048
1092,93.99202228867794
1093,93.83182258605557
1094,93.72564473704743
1095,93.95288420176851
1096,93.66362882832063
1097,94.1916754108557
1098,93.75423196109163
1099,93.66568303246584
1100,94.4731654540444
1101,93.80302794111127
1102,93.88376939619282
1103,94.56303405664873
1104,93.99080687483179
1105,94.38190798259185
1106,94.49373705365196
1107,94.21442371076073
1108,94.19700157423941
1109,94.55215157907142
1110,94.12464561634204
1111,93.88663290624469
1112,94.37725964175124
1113,93.66470650742993
1114,94.29758961704786
1115,94.27674489196633
1116,94.38547967662623
1117,94.33983780465964
1118,94.30783320096137
1119,94.186386247981
1120,94.51970628083984
1121,94.72080740037909
1122,93.86475383147634
1123,93.89498598098754
1124,94.21850028638792
1125,94.41153015891706
1126,94.38726157814077
1127,94.50448439065296
1128,94.42288212494248
1129,94.00616263331814
1130,94.11515731450959
1131,94.38223498790295
1132,93.87124788714794
1133,94.06996912346082
1134,94.22854195746264
1135,94.07190599961422
1136,94.19777844753813
1137,94.2620550845331
1138,94.5625062160564
1139,93.74038826898129
1140,93.75914829767672
1141,94.06779948556297
1142,94.23900952501818
1143,94.45123113206591
1144,93.74580642169825
1145,94.31240096363364
1146,94.09588488815199
1147,94.05721551259359
1148,94.0911784685844
1149,94.1309216227955
1150,93.87333414981232
1151,94.22427942593893
1152,94.14167454736585
1153,94.24920932272461
1154,93.99804441263286
1155,94.51727227547711
1156,94.40818338390767
1157,93.52965893745423
1158,94.12163600330173
1159,94.14701254295828
1160,94.01848346656655
1161,94.09898858837501
1162,94.54452497545292
1163,94.12865568128237
1164,93.94980143113561
1165,94.15298175145799
1166,94.47078302623522
1167,94.15556291057509
1168,94.00287077402078
1169,94.29339148222421
1170,94.46582292451853
1171,94.11189841245861
1172,94.51760773760626
1173,94.13119907467974
1174,94.62328417083023
1175,94.16599699813099
1176,94.39541466655956
1177,93.95700365584156
1178,94.79893648267404
1179,94.58790797531371
1180,94.02164848910421
1181,94.87137777690407
1182,94.63771791855123
1183,94.23236113036882
1184,94.31487522166856
1185,94.40605516575762
1186,94.53275309206929
1187,94.43392273081596
1188,94.36374643398851
1189,94.37149874722655
1190,94.21667773308748
1191,94.34659237883899
1192,94.41578030432063
1193,94.38600113801506
1194,94.24641483791169
1195,94.31941942656154
1196,94.1261412205425
1197,94.2194482343684
1198,93.8218929607651
1199,93.8350006090297
1200,94.25803687517647
1201,94.44941894194426
1202,94.31075015463558
1203,93.86142735473112
1204,94.0172434096416
1205,94.4807401788429
1206,94.10147217138609
1207,94.50261246678151
1208,94.22770770436011
1209,94.34633863579165
1210,94.29367675379343
1211,93.99172234384369
1212,94.06680100163766
1213,94.43444319040128
1214,94.32455760549226
1215,94.35001530238324
1216,93.93877909735976
1217,94.3926598436127
1218,93.91494961529557
1219,94.03650413069515
1220,94.35858703726548
1221,94.47753085819835
1222,94.22078402929975
1223,93.090073772622
1224,93.80015818900186
1225,93.81911188346487
1226,94.18995966336945
1227,94.07079312682679
1228,93.63550229335644
1229,94.15694465001424
1230,92.9788589042998
1231,93.68339109486364
1232,94.12340360800683
1233,94.08904911857118
1234,94.22700089103338
1235,94.28525614476558
1236,93.8385113064448
1237,94.11161436182627
1238,94.1724054913241
1239,94.46772470978811
1240,93.82232617371929
1241,94.00881060082749
1242,94.33865569387953
1243,93.7127263409926
1244,94.03587480765393
1245,94.4188736428838
1246,94.27934378263484
1247,94.47786538488695
1248,94.15171201215014
1249,93.41280657690876
1250,94.31105260029702
1251,94.05587085258622
1252,93.64936354765108
1253,94.41341337150375
1254,94.30082579153976
1255,93.64519972801209
1256,93.88595371841197
1257,94.17460808297038
1258,94.46300078523302
1259,93.67571774749962
1260,93.9322485557528
1261,94.01840876290096
1262,93.99462230039009
1263,93.98813879232024
1264,94.1431474563014
1265,93.49554533513137
1266,93.89626631884325
1267,93.1106367664118
1268,93.68575647884084
1269,94.18236113932937
1270,92.47655981678206
1271,93.96463602331704
1272,94.19593711122816
1273,93.75349174686653
1274,93.74308774471282
1275,93.95855459488982
1276,93.56133538288398
1277,94.1014844803789
1278,93.54042604832588
1279,93.84967640750983
1280,93.73299643832124
1281,93.30632122634546
1282,93.47316721877145
1283,94.0945757505139
1284,93.655647007512
1285,93.91710449283279
1286,94.07532099759523
1287,93.89851448084566
1288,93.85106538271079
1289,94.05872341603467
1290,93.9012934176127
1291,94.41155557931842
1292,94.11088716906183
1293,94.26760616122111
1294,93.3716413453259
1295,94.3542887769586
1296,93.92030335483159
1297,93.76695431053189
1298,92.8343214547421
1299,94.37989246942705
1300,93.94632156689961
1301,93.83249779343465
1302,94.13845051863512
1303,93.35063654993613
1304,94.02285660066948
1305,94.34663541999694
1306,93.83738753119174
1307,94.5128735259804
1308,93.99947140610983
1309,93.55128510261635
1310,93.77651503117742
1311,94.5260403737963
1312,93.64746708319791
1313,93.45507968874087
1314,93.75628746235817
1315,94.1766228003463
1316,94.52842827406302
1317,93.87490464462907
1318,94.54157074504423
1319,93.92476774792902
1320,94.40440490474687
1321,93.65695353762153
1322,94.53044418731744
1323,94.50965055606508
1324,94.36321081893746
1325,94.02724230312705
1326,93.93759497427762
1327,94.18660424359848
1328,94.21865206087513
1329,94.25478871755693
1330,94.6667188262376
1331,93.47138354864313
1332,94.30759072767601
1333,94.26639530786517
1334,94.22470805398453
1335,94.47143403203984
1336,94.16350018943766
1337,94.03790414682912
1338,93.915726958341
1339,94.613713674106
1340,94.53193632294499
1341,93.87807878525369
1342,94.29019764526404
1343,94.78629992336568
1344,94.3652231678926
1345,94.45730806124355
1346,94.25479445197861
1347,94.2050773594867
1348,94.19711518894933
1349,94.60859699558519
1350,94.54977966371554
1351,94.2746495645222
1352,94.47722827944004
1353,94.01589399406176
1354,94.13302472289114
1355,93.96926325207279
1356,94.48507662898622
1357,93.92114339712366
1358,94.27857186200843
1359,93.88104998807162
1360,94.25776776630346
1361,93.68931359870027
1362,94.06603131155534
1363,93.99710085421584
1364,93.91594236755668
1365,93.70086890077695
1366,93.9527581176408
1367,94.08481635233368
1368,93.88769709465006
1369,93.55393809318542
1370,93.94839288622317
1371,93.62097194166458
1372,93.87930345997256
1373,93.95851233641307
1374,94.1921711008029
1375,93.90413626214061
1376,93.59401130978009
1377,94.22170175095624
1378,94.11811489669175
1379,93.95359572861418
1380,94.58510896467975
1381,94.22582523037013
1382,94.36555531210269
1383,94.00439730716056
1384,94.07611970269585
1385,93.99654599207689
1386,94.24597960480966
1387,94.32346671132376
1388,94.07756667154946
1389,94.27669576483576
1390,94.2658612895093
1391,94.03385005950928
1392,94.03765447491116
1393,94.49659571326487
1394,94.18450441486914
1395,94.03267406581978
1396,94.16733900614804
1397,94.51604771398354
1398,94.4770937473429
1399,94.31944051797505
1400,94.63241594675347
1401,93.48389845388897
1402,94.20162747684715
1403,94.55111699948304
1404,94.45294686587263
1405,94.3624931797781
1406,94.45630747973584
1407,93.69072767839025
1408,94.30383631182838
1409,94.30001415643366
1410,94.81885844317489
1411,94.23344012272224
1412,94.5010052784718
1413,93.63700266097146
1414,93.86008244663718
1415,94.24361434128474
1416,94.55079729765608
1417,93.89023661939547
1418,93.68229359723044
1419,93.51096974379028
1420,93.7591106370856
1421,93.91831595562812
1422,93.74678038438161
1423,94.00151243318655
1424,94.13181995870572
1425,94.10512570181866
1426,93.88836773642376
1427,94.35749409757406
1428,93.94891705377884
1429,93.32813702776755
1430,93.58739743620559
1431,93.48615650356241
1432,94.14362183039817
1433,93.46906870728932
1434,93.79052047348101
1435,93.79965286984672
1436,93.41729974231866
1437,93.83581351608777
1438,93.88203207359689
1439,93.85688064628965
1440,93.99093713113702
1441,93.51201965649923
1442,94.19122794648187
1443,93.68689507748051
1444,94.19143497693756
1445,93.24475046842682
1446,93.99196462222174
1447,94.4445536344051
1448,93.01736195138194
1449,93.82107581098178
1450,94.02534652081914
1451,94.3499952955596
1452,93.99091117394026
1453,93.90733057278975
1454,93.97243177966536
1455,93.9398548996321
1456,94.27495505527635
1457,93.93156062700619
1458,94.39773955934827
1459,93.87928183616002
1460,94.0321497176111
1461,93.76170191422598
1462,94.01539371649424
1463,94.31607049977947
1464,93.82413634075259
1465,94.17984586162676
1466,93.99605358596733
1467,94.50528736226639
1468,94.19978727469194
1469,94.4061780095905
1470,93.78549143332148
1471,94.37996818472726
1472,94.47554949048492
1473,94.01658418649876
1474,93.46112866252524
1475,94.419348201156
1476,94.17255763416784
1477,92.64050945624071
1478,94.0018376124596
1479,93.1531650365339
1480,94.26108076958404
1481,93.83245538124389
1482,94.38390322486818
1483,94.22278769402102
1484,93.83187245379841
1485,94.26828662940822
1486,93.60283785205091
1487,93.50935353452343
1488,93.80501272957804
1489,94.28359427180261
1490,93.77767811523682
1491,93.8414433113734
1492,94.14922343512693
1493,94.45143519984015
1494,93.37707039356232
1495,93.84093286178468
1496,94.27190486404761
1497,93.53873799283453
1498,93.54097109957839
1499,94.48075660338198
1500,93.7048668321979
1501,94.48688647092501
1502,94.63260360185207
1503,93.99021872051152
1504,94.19896794853437
1505,94.31592462123649
1506,94.09921718120574
1507,94.56825528725963
1508,94.4202500358238
1509,94.36300887409534
1510,94.69155887904995
1511,94.41764166096326
1512,93.96001409502834
1513,94.46776331871611
1514,93.9847765270869
1515,94.01618667482009
1516,93.41048510233561
1517,93.87345048524222
1518,94.22578929092302
1519,94.32678853851145
1520,93.6769106796885
1521,93.78578951040903
1522,93.88336652491839
1523,93.87136886352309
1524,94.08532625589501
1525,94.37186106589057
1526,93.94152507449238
1527,94.56401237623389
1528,94.25629128390095
1529,94.21218473601624
1530,93.84810435718904
1531,93.94457668123874
1532,94.1047193386509
1533,93.62037396174388
1534,94.32135025214818
1535,93.34073570197471
1536,94.10473119972924
1537,94.40373696982049
1538,94.20894545918841
1539,94.31479051072294
1540,93.77345985723389
1541,94.18416674744012
1542,94.28474068460598
1543,94.17100978937376
1544,94.40874490678954
1545,94.17406144922131
1546,94.27706391923121
1547,94.27500100564484
1548,94.5319557625424
1549,94.33562142398372
1550,94.33770775542195
1551,94.12321176822037
1552,94.70553910501887
1553,94.21103410126622
1554,94.25131798984334
1555,94.55346376098662
1556,94.43077499393353
1557,94.28773997084843
1558,94.49563944780766
1559,94.43002837049039
1560,94.18860818610706
1561,94.03955776000636
1562,94.12154967280482
1563,94.14927615142628
1564,94.38947074552037
1565,94.36414937045508
1566,94.29861277281594
1567,93.8349657009797
1568,94.32504380823337
1569,94.0512648558167
1570,94.25079557747145
1571,94.12756632203018
1572,94.3384964645864
1573,94.48982628272576
1574,93.7544570116827
1575,94.54074620733824
1576,94.48811623689926
1577,94.33849100355081
1578,94.6261784509789
1579,94.59907038431405
1580,94.52305430441247
1581,94.29704284471016
1582,94.01012263116066
1583,93.62337574878951
1584,94.09127763650035
1585,94.55435793323038
1586,94.16356745386899
1587,93.87251460044408
1588,93.7139130378423
1589,93.94621078491211
1590,94.503371536899
1591,94.7190716941639
1592,93.83393366296666
1593,93.74680913651494
1594,94.2447690462774
1595,94.38053067584327
1596,94.40414293121542
1597,94.49765653734184
1598,94.02029951868198
1599,93.98600363470617
1600,94.1692088805429
1601,93.96401281416487
1602,93.71951034551572
1603,94.43432403568544
1604,94.15991593593441
1605,94.04079318316656
1606,94.22138652878427
1607,93.97343501778995
1608,94.24315223781059
1609,94.10482515047804
1610,94.56826993121774
1611,94.44176040405921
1612,94.36890876450798
1613,93.80133361881806
1614,94.26647765384884
1615,94.55709661678236
1616,94.48993879037083
1617,94.11874477249101
1618,94.29378947891423
1619,94.77489700848595
1620,94.39032314956853
1621,93.98813147029995
1622,94.38947058821293
1623,94.37308103221406
1624,94.1409279029846
1625,94.38645464363985
1626,94.21860389018522
1627,94.11921269176013
1628,94.11952069544589
1629,94.05555977542413
1630,94.22120889699954
1631,94.24527816212674
1632,94.31637652956282
1633,94.59170950293556
1634,94.62376891440704
1635,94.32776198837803
1636,94.45906758353264
1637,94.4199968947736
1638,94.35098945644238
1639,94.21471684516014
1640,94.12406289872648
1641,94.67633827471242
1642,94.07503810673587
1643,94.15567204353422
1644,93.96242056057906
1645,94.49423538173853
1646,94.40280219369497
1647,94.46810406466425
1648,94.73667083006639
1649,94.16813610348419
1650,94.45011964062485
1651,94.736688324755
1652,94.54082294080179
1653,94.16346710595275
1654,94.06120576970403
1655,94.10382909614816
1656,94.51961407037875
1657,94.36749033366317
1658,94.54471950742806
1659,94.14095566217641
1660,93.93532360743576
1661,93.87362981478373
1662,94.46217647022507
1663,93.05178776171522
1664,93.2079142208701
1665,93.92309744615227
1666,94.36161513346286
1667,93.34192024145118
1668,92.98385420846982
1669,94.10579436264729
1670,93.92576493581136
1671,93.94115921527558
1672,93.98744773756994
1673,93.50160924298937
1674,93.91632054272266
1675,93.04352974654273
1676,94.08534381137501
1677,93.52495680441785
1678,94.08246554490147
1679,93.98035750980654
1680,94.03632219466314
1681,94.55631648432349
1682,94.29768097113553
1683,93.9236180506209
1684,94.13918662359012
1685,94.2708357551161
1686,94.21830968146502
1687,94.2331603109362
1688,93.89091823944868
1689,94.34777558423065
1690,93.89829942012217
1691,93.04273269182923
1692,94.26188692681758
1693,94.21587233863221
1694,93.8397637121091
1695,93.88043521182946
1696,93.5801707143629
1697,94.61878700895512
1698,93.79028592477108
1699,92.63832117318469
1700,94.13588199295684
1701,93.95415389254684
1702,93.68079115513666
1703,93.403716555568
1704,93.75193189851926
1705,94.05349568816739
1706,93.86395464579265
1707,94.27582897514114
1708,93.91220590304405
1709,94.0340788101738
1710,93.4698040612457
1711,93.77469434683232
1712,93.76438638017189
1713,94.47164172574475
1714,93.9273005028329
1715,93.91920726639223
1716,94.27827818419101
1717,93.91392096381553
1718,93.93686983093319
1719,93.90098525271665
1720,94.29166691326196
1721,93.80503781225384
1722,92.2962834308395
1723,92.99686366534416
1724,93.10465225555599
1725,93.83228271983289
1726,93.56743151134833
1727,94.27389555910548
1728,94.05824468924132
1729,94.25297909419763
1730,93.44821376482646
1731,94.63548222194352
1732,94.57016956710862
1733,93.22815970134006
1734,93.69570876841074
1735,93.97070644744578
1736,94.23084934639078
1737,93.43967608074637
1738,93.93480497105755
1739,93.03532127412929
1740,94.26837048077107
1741,93.40395108647927
1742,93.99545538057517
1743,93.89358699623956
1744,93.50542855747273
1745,94.29997526504977
1746,94.06802549553143
1747,93.88840821044002
1748,93.8225000654273
1749,94.17660953183787
1750,94.15237362010971
1751,93.43665238733317
1752,94.1953856126632
1753,93.55723794165408
1754,94.47889387592105
1755,94.44531005389592
1756,93.91784324460033
1757,93.97328868300143
1758,94.28395130100164
1759,94.14505675912154
1760,93.84464964320468
1761,94.17614417552949
1762,94.53146957012136
1763,94.22987698561906
1764,93.80979857919178
1765,94.05647625047025
1766,94.30679282983476
1767,94.12220371548585
1768,93.67029554753373
1769,93.70517911759006
1770,93.04491762426301
1771,93.75858595060065
1772,94.5763122616157
1773,93.90569058725754
1774,93.99450603453896
1775,94.02141663630903
1776,93.91263972687042
1777,93.82781485844087
1778,93.59364146232605
1779,93.33613262010161
1780,93.1422272484682
1781,93.52437773420037
1782,93.84099859089568
1783,92.67324725590034
1784,94.33999897628732
1785,93.77569525185895
1786,93.7316430499632
1787,93.69506152693194
1788,94.07300360831024
1789,93.9735877418816
1790,93.97467555181294
1791,94.06890453430137
1792,94.11451027297403
1793,93.97743663647468
1794,94.29112532990864
1795,94.13813442283586
1796,94.1836816414775
1797,93.33297194230622
1798,93.52276517013966
1799,94.18769648613444
1800,94.18441602151637
1801,93.50264199193997
1802,93.78172397378309
1803,93.82266515801403
1804,93.95426206979688
1805,94.12384076693128
1806,93.86254967683655
1807,93.46754844643449
1808,94.73800712639361
1809,94.48174287752018
1810,93.5599867216746
1811,94.3419882472088
1812,94.12559818098171
1813,93.9896737241745
1814,93.90893654361663
1815,94.35941819511086
1816,94.20505905407646
1817,93.99662012052212
1818,94.31048798191183
1819,94.23993073954027
1820,94.00327812249088
1821,94.54277808564485
1822,94.40175508291827
1823,93.96251561697743
1824,94.2012659989007
1825,93.74068915290154
1826,93.93525236850301
1827,93.77260411580404
1828,93.83394432777372
1829,94.392992260964
1830,93.83666067349198
1831,93.91187787587396
1832,93.27754971851287
1833,94.20519632551034
1834,93.77292475065417
1835,94.11085232280683
1836,94.21008674452844
1837,94.45228592460336
1838,93.84300952466056
1839,94.0617986506162
1840,93.61705684900627
1841,93.92061237240183
1842,93.47351652178313
1843,94.10578207174937
1844,94.08500080098274
1845,93.67881108838118
1846,93.88363582993036
1847,93.99966050191816
1848,93.99841224528377
1849,94.16394301857342
1850,94.01958095922915
1851,94.36432381129343
1852,94.3827014783481
1853,93.9328397184291
1854,94.39953333871397
1855,94.55072682952917
1856,93.97630900771392
1857,94.38691557527706
1858,94.34306415667635
1859,94.60458589629735
1860,94.22805614904247
1861,94.00818570276945
1862,93.70906937263413
1863,94.16765042202573
1864,94.21555850047812
1865,93.97025516327851
1866,94.02515692870628
1867,94.13669365141455
1868,94.55831405113094
1869,93.42811405054464
1870,94.19343522182729
1871,93.97109530645943
1872,94.4137238055541
1873,94.5540049865777
1874,94.68232375698675
1875,93.29637293107471
1876,94.18158339170826
1877,93.85846007756601
1878,93.63358165491064
1879,93.80006448156885
1880,94.2934347633238
1881,93.88118415240444
1882,94.24351537234969
1883,93.8931746464342
1884,94.45954097488321
1885,94.36866210553805
1886,94.63323309150472
1887,94.03067994045091
1888,94.38693769337145
1889,94.28649545494702
1890,93.51952734382745
1891,94.10398598109019
1892,94.14238255980649
1893,93.81329950958082
1894,94.13531850789984
1895,93.52599888216906
1896,94.23616626879596
1897,94.80129657296307
1898,93.55887871331409
1899,94.1090397138086
1900,93.80067923452643
1901,94.08777492153658
1902,93.93222348887117
1903,94.15275172945286
1904,94.00997114286645
1905,93.74987349178132
1906,93.85634995319974
1907,93.86732565616573
1908,94.08669125428696
1909,93.99958896857254
1910,94.2793314472577
1911,94.2035323858366
1912,94.29653382971522
1913,94.24532491019227
1914,93.64122881617867
1915,94.54638791843341
1916,94.36710983253512
1917,94.58067322136364
1918,94.08195052581074
1919,94.28104594913913
1920,94.0366499707892
1921,93.33395647762649
1922,94.12681628683276
1923,93.34100090008764
1924,94.03084714552067
1925,94.17222186958506
1926,93.566462214209
1927,94.4372758012279
1928,94.20646832166636
1929,94.07448299927103
1930,94.05267437316381
1931,93.5215181751819
1932,94.01918566848181
1933,94.33817527511327
1934,93.69949871583553
1935,93.28065958877421
1936,93.40872331617267
1937,93.95948882579803
1938,93.58111733661087
1939,93.96272798008026
1940,94.27447521959856
1941,94.29663395067935
1942,94.21921853860219
1943,94.32141366747061
1944,93.8359647367139
1945,94.03768219206508
1946,94.20263179950447
1947,93.98836639280748
1948,93.8890832989056
1949,93.81404819170862
1950,93.97816076968138
1951,93.83930695080696
1952,94.01577455049326
1953,94.22003739805172
1954,93.58484282172283
1955,94.30716962954682
1956,93.6697030611185
1957,94.87869416478186
1958,94.09019607602212
1959,93.67677741396992
1960,94.31461556800778
1961,93.31602382371253
1962,93.72973534107209
1963,93.54985847214836
1964,93.81873384483319
1965,94.0695739588421
1966,93.70789673096509
1967,93.7811561436618
1968,93.57741904492542
1969,94.41121609856809
1970,94.57752673426396
1971,94.38721346657746
1972,94.53461482642098
1973,94.12174574540866
1974,94.49342136888296
1975,93.91823816444779
1976,93.74732765048853
1977,93.85445148354451
1978,94.34287517755962
1979,93.27198317295411
1980,94.30123628881971
1981,94.21341695848389
1982,94.3275029365889
1983,94.32955528325866
1984,94.2920168416576
1985,94.22592420416684
1986,94.29018693846746
1987,94.18733998909332
1988,94.16543113287723
1989,94.19871225390428
1990,93.8726330831016
1991,94.11199443551182
1992,94.08264371663334
1993,94.34437424025542
1994,94.53794486850765
1995,93.63933563015267
1996,94.40642271072214
1997,94.21020421217422
1998,94.14196496133067
1999,94.44394658423207
2000,94.34245690758236
2001,93.93452773585958
2002,94.21911988489093
2003,94.23600392012261
2004,93.97970993174512
2005,94.1633203000862
2006,94.01901089434395
2007,94.15342647110587
2008,93.67744926667758
2009,93.1717265033722
2010,93.09537182514974
2011,94.08469731270665
2012,93.81912900901749
2013,93.0974573816255
2014,94.42003281383019
2015,94.47516227407824
2016,93.8583347219745
2017,94.14730881337691
2018,94.12807703398273
2019,93.94375073731169
2020,94.20285403358817
2021,94.49749486753815
2022,94.52463216927308
2023,94.20354640769827
2024,94.39730625044932
2025,93.94909024945821
2026,93.33815861861915
2027,94.67711584331423
2028,94.24234769327286
2029,94.37072723257882
2030,93.59924485226689
2031,93.75218747627144
2032,93.94858491017413
2033,94.23688759905225
2034,94.3554455606305
2035,93.6831387208514
2036,93.62023683040943
2037,94.21421651003331
2038,93.17580586658471
2039,93.84857345050408
2040,94.14812111198525
2041,94.00391386751224
2042,94.13314685995051
2043,93.78416471983579
2044,93.89121593026074
2045,94.0938920166147
2046,94.40635665357888
2047,94.21326474454712
2048,94.21053452975524
2049,93.98153972507207
2050,93.99425173299943
2051,94.29146922346276
2052,94.07147851072929
2053,94.34335650346645
2054,94.2594841755534
2055,94.40115983945564
2056,94.23533555193012
2057,94.44705859614793
2058,94.2220923037236
2059,94.50510533097354
2060,94.32385464668273
2061,94.11597527718159
2062,94.09579095639081
2063,94.57696522829646
2064,94.31569969119037
2065,94.42326571083287
2066,94.2788606706835
2067,94.32623649894808
2068,93.95795982718525
2069,94.62778366720275
2070,94.40569663663373
2071,94.48353230348988
2072,93.88488731691183
2073,94.35851636901488
2074,93.70646829847699
2075,94.11517642831532
2076,94.08801328751636
2077,93.82800729592641
2078,93.71333869913964
2079,94.0302460195036
2080,94.4591190540151
2081,94.27033246211538
2082,94.25701224950478
2083,94.01547886969102
2084,94.36968159829337
2085,94.60391718927686
2086,94.16183665935088
2087,93.81322234850062
2088,94.08054213327372
2089,94.29413523772875
2090,93.80590059828799
2091,93.78548472126597
2092,94.4672030889754
2093,94.01315124204416
2094,94.04213462583613
2095,93.57572221706417
2096,94.19628233468573
2097,94.11444405467047
2098,94.44040228971606
2099,93.01153230430916
2100,94.02252723353406
2101,94.43122515646799
2102,93.71023872085462
2103,94.35827754206262
2104,94.38686352840375
2105,94.71165476061651
2106,94.46844160258645
2107,94.00133885225404
2108,94.51797190373114
2109,94.29715797699313
2110,94.80045514667263
2111,94.29866794599464
2112,94.01112612513555
2113,94.1002798321859
2114,94.43741341457913
2115,94.29785474699928
2116,94.24654813505353
2117,94.08651933642672
2118,93.93457110662222
2119,94.31804216242145
2120,94.13219468359898
2121,93.55117076079051
2122,94.4502269872332
2123,93.95015418688456
2124,92.95673081221452
2125,93.75646381101637
2126,93.91434590480351
2127,93.76829936660859
2128,94.12726064860345
2129,94.19223433710735
2130,94.25294452085936
2131,94.05377185514553
2132,93.76899132092794
2133,94.1207558540702
2134,94.14516123453777
2135,94.05946456924109
2136,93.81487473418353
2137,93.89698305056396
2138,94.073837699513
2139,94.2239058148345
2140,94.176723537599
2141,93.99991635398882
2142,94.33589678255595
2143,94.1898501591148
2144,93.9266412003835
2145,93.84495544199693
2146,94.58414891676678
2147,94.45201151201654
2148,94.2779052637529
2149,94.43067612254353
2150,94.70123315544889
2151,94.52680127933368
2152,94.35997406614118
2153,93.85735197544098
2154,93.8012457779036
2155,94.10918896176453
2156,94.68816379404944
2157,94.35167810435156
2158,94.62830861780755
2159,93.80545685677855
2160,93.85394368613323
2161,94.10337816817955
2162,93.88773793137763
2163,94.19693387324524
2164,94.09038219828346
2165,94.17363828851654
2166,93.76967246819609
2167,94.41785390838248
2168,93.70424709283218
2169,94.2348654518591
2170,93.58850519123284
2171,94.21079208496754
2172,94.13054780614908
2173,93.64196946296163
2174,94.24377797368982
2175,93.58172290001927
2176,93.97525549336329
2177,93.52263543653996
2178,94.30835373725844
2179,94.11352007173672
2180,94.07593376357286
2181,93.86602875979014
2182,94.38016876762522
2183,93.66702397813692
2184,93.66426404493825
2185,93.49507449855736
2186,92.66372257684033
2187,93.8273576887978
2188,92.86749505288124
2189,92.89009137010208
2190,93.67746528235719
2191,93.84178795777171
2192,94.27209976074609
2193,94.18554614159797
2194,94.2532972107623
2195,94.1720119720456
2196,93.80303841368098
2197,94.67804049169601
2198,93.97928251448094
2199,94.12316267324425
2200,94.16768644068326
2201,94.12937377430747
2202,94.48157757370463
2203,94.01329886788854
2204,94.08998030876914
2205,94.17823568800647
2206,94.39805162123083
2207,94.3374000140418
2208,94.57419149830517
2209,94.24235991884393
2210,93.89482851719356
2211,93.4097063826307
2212,94.23930335077776
2213,94.29455324219032
2214,93.98238571697269
2215,94.70233963381122
2216,94.17012139854141
2217,93.51095886358338
2218,93.85809959177605
2219,94.34038880334766
2220,93.90673338715895
2221,93.73144327025649
2222,94.06934309335479
2223,93.61139147163796
2224,93.83011971427521
2225,93.65957238672053
2226,93.66033388184378
2227,93.69742143630981
2228,93.49474866260236
2229,93.88649603649584
2230,93.38036504006878
2231,93.8088354368317
2232,93.27497271731524
2233,93.875373954229
2234,93.7816459778191
2235,94.15226073059668
2236,94.04736511455907
2237,94.2387016059521
2238,93.48635386619695
2239,93.72641820870444
2240,94.18645135879517
2241,93.61939687838282
2242,93.50911879955117
2243,93.42628677820836
2244,93.68254671035184
2245,94.28764444297957
2246,94.37073447351611
2247,94.10741801242364
2248,94.15858538758359
2249,93.75738841603604
2250,93.8534140425379
2251,94.0169242781461
2252,94.06842876090047
2253,93.43348071265378
2254,93.6048905950482
2255,94.00223692822868
2256,94.13613569946585
2257,93.85292619187793
2258,94.39992516647966
2259,93.8476224238827
2260,93.87785024995914
2261,93.88092518351033
2262,93.628311862997
2263,94.34707218132375
2264,93.62405669609082
2265,93.50107312686922
2266,93.8581742699941
2267,94.08446224442021
2268,94.04536224878588
2269,94.03820699176643
2270,94.14219108703924
2271,94.14304809096876
2272,94.1651698928468
2273,93.58192577028498
2274,94.22506418651672
2275,94.1691294996265
2276,94.20157159000976
2277,94.299304555139
2278,94.00739352544733
2279,93.54770463884212
2280,94.30822761335497
2281,94.32479047238407
2282,94.47696558555877
2283,94.10357456867999
2284,93.76708152993702
2285,94.4602053179783
2286,94.11728330994687
2287,94.29397374442938
2288,94.73877158268282
2289,94.60543611169756
2290,94.27595502363583
2291,94.2831489131163
2292,94.09719069945108
2293,94.41684073478831
2294,93.96092843959984
2295,94.575666608992
2296,94.14752636889598
2297,94.35170308771889
2298,94.14383158154007
2299,94.5641384463855
2300,93.54476613399396
2301,94.43166467729019
2302,94.07832474954799
2303,93.99384262287023
2304,94.45911159387317
2305,94.30044460506328
2306,94.3282622656661
2307,93.71104668855702
2308,94.32123855187021
2309,94.36003410491007
2310,94.05070298588083
2311,94.6189185218836
2312,94.0553795732267
2313,94.16101047111381
2314,94.37566574514892
2315,94.37895125810773
2316,94.27956374375158
2317,94.14185332750986
2318,94.62331582128468
2319,94.21355612229566
2320,93.95229820077819
2321,94.19084742031134
2322,93.87547462952156
2323,93.73031004889232
2324,93.01367766945918
2325,93.99067091623942
2326,93.81320381288148
2327,94.29061751742805
2328,94.58063258471765
2329,94.05242470382744
2330,94.44186299286199
2331,94.09718233515228
2332,94.52237149825228
2333,93.97208671989671
2334,93.98192098251248
2335,94.41145070228339
2336,94.12341675915057
2337,93.74661617950972
2338,93.87576681432967
2339,94.05463005007672
2340,94.18843579291399
2341,93.89376437732916
2342,93.88167090356629
2343,93.73761438528696
2344,94.19281595011108
2345,93.81725108382976
2346,94.52535059614796
2347,94.08488215603487
2348,94.17867327514486
2349,94.06017287477486
2350,94.01373521754444
2351,94.11415078503718
2352,93.50314389864603
2353,93.69739388810088
2354,93.2261425963551
2355,94.65025919975592
2356,94.06917624978536
2357,93.86515459646705
2358,93.7204822226701
2359,93.70257928212484
2360,93.98354714543197
2361,94.11077640481035
2362,94.09805764995723
2363,94.22345622438124
2364,93.56964669706902
2365,93.74261379877726
2366,93.90986864689046
2367,92.66907931154998
2368,93.84640344640992
2369,94.20256554012539
2370,94.27478045796029
2371,94.24856269354689
2372,94.27285234134747
2373,92.7087563629437
2374,93.71750512271684
2375,93.51060051938899
2376,93.77652006346334
2377,93.6691534916864
2378,94.5033978697536
2379,93.94624682984461
2380,93.27155733164331
2381,93.73266702175141
2382,94.11316967763183
2383,94.28201143305215
2384,94.41938652360383
2385,93.94151703616694
2386,94.06777007124685
2387,93.74040849400552
2388,93.60264753829456
2389,94.04388319651285
2390,94.0842636721483
2391,94.0546487009992
2392,93.8293438727392
2393,93.4901327676563
2394,93.86140363406838
2395,94.41741603983644
2396,94.03782564584752
2397,94.35813993034077
2398,94.28187849694636
2399,94.29395716525833
2400,94.48742552182695
2401,93.90037260241978
2402,93.74499247592529
2403,94.05093392664547
2404,93.92411199872089
2405,94.14756131646796
2406,93.77705353627016
2407,94.20451588565135
2408,93.70746792900053
2409,93.2963383774464
2410,93.9649330147429
2411,93.7398773443962
2412,93.2127659334053
2413,93.8239533933676
2414,93.53276970576695
2415,93.7112543941971
2416,93.96394733842027
2417,94.24006584680257
2418,94.28662645719908
2419,93.58449230076019
2420,93.92302511309326
2421,94.31170157790353
2422,93.45611821707884
2423,94.49016572174541
2424,94.51111039979914
2425,93.36034144598159
2426,93.98284311106158
2427,93.52186773081961
2428,94.16292470347835
2429,94.04164125598261
2430,94.25148935578002
2431,93.88092073687065
2432,93.39772742956447
2433,94.11624245507814
2434,94.09591388199209
2435,94.0103881014136
2436,94.02782668663008
2437,94.18481867187315
2438,94.37581980244286
2439,94.14114123592395
2440,93.85343616446329
2441,94.50003583819358
2442,93.65381081722471
2443,93.85082001512029
2444,93.77245927509445
2445,93.96594153551771
2446,94.07985399126086
2447,93.91369063399931
2448,93.6096368504837
2449,94.38601914012112
2450,94.42328214761756
2451,93.89892697505492
2452,94.0383529726159
2453,94.25121758904902
2454,93.72857571850875
2455,94.19171402115155
2456,93.90715802015777
2457,94.03097794705305
2458,93.16840740937393
2459,93.82289655481219
2460,92.8698867392206
2461,93.7140994343432
2462,94.28781795275212
2463,94.03911808272557
2464,93.4156317838033
2465,94.23306837174611
2466,94.04243599029623
2467,93.5050449803122
2468,93.68055511501807
2469,93.64864662859381
2470,93.17771857758112
2471,94.05764508012646
2472,93.5707900287515
2473,93.70516250785883
2474,93.37683193463866
2475,93.71586793960658
2476,93.50534612373013
2477,94.0368153423235
2478,93.51037092690854
2479,93.44013207337119
2480,93.27571929295858
2481,93.81621990569911
2482,93.55596840913168
2483,93.98872113614954
2484,93.81736101352763
2485,93.97181544762907
2486,93.48623992922622
2487,92.65393941808276
2488,93.88060503602523
2489,93.45541787921296
2490,93.79062688380313
2491,93.21964767230166
2492,94.35555922065964
2493,93.67913558128062
2494,94.13070956359617
2495,93.74298247496287
2496,93.72605117579741
2497,93.90450332441303
2498,93.77161438125027
2499,93.74386113513935
