0,-10.013103753242849
1,-7.599220331932097
2,13.821203361001484
3,-9.193439112302304
4,-8.368264676994894
5,3.564456632582724
6,0.20722186729522285
7,-5.94980234619659
8,-2.021356956903162
9,5.263826373212151
10,-8.386332362185872
11,-7.792002109295677
12,1.2149486331905646
13,0.5942046857545531
14,-6.003307847910251
15,-5.301176881425978
16,3.1909892082214357
17,-7.442702626333277
18,-1.4435576266881132
19,7.339243526898782
20,1.2820401892392752
21,6.747931770838226
22,5.063532528315242
23,8.391199792741638
24,1.0107110483940511
25,12.949951162306776
26,7.061759066113597
27,12.741555064715095
28,10.049023741804868
29,19.581070118441488
30,12.404299775157174
31,21.529010630089743
32,35.595205268859864
33,31.979748915321082
34,26.866984120943716
35,36.61996815222323
36,31.10145768469301
37,31.550989721616652
38,40.89274515732842
39,59.05009219632533
40,56.45860793052726
41,54.413121816493906
42,51.10027489271698
43,60.39627262008741
44,49.82045795098267
45,59.81881673050173
46,58.61828264243174
47,69.99319215144126
48,64.55400618695498
49,59.6160160305178
50,68.38965465675462
51,68.33589408644512
52,64.25107841374353
53,69.8458707597437
54,64.6628032092918
55,74.69537934806281
56,73.46555697265609
57,73.38426646851357
58,76.23994655779819
59,79.609695953752
60,77.84949034952751
61,73.19304988145794
62,75.65042504100751
63,84.03807255969592
64,75.22275722881345
65,78.88931019319608
66,79.68157676013784
67,85.1424652981592
68,84.54318379232153
69,83.12893635142933
70,84.3826532159366
71,85.04795898720162
72,84.64167029622624
73,82.0928034403054
74,86.59732583553907
75,86.08602229214856
76,83.40207602507716
77,83.55773251512639
78,80.37704484025927
79,82.70704201848493
80,81.77358679403494
81,86.44985946080402
82,84.16016635510985
83,87.26450785472905
84,88.33293979982038
85,86.65520668081341
86,84.29631457328415
87,81.21838604149985
88,88.39780763361628
89,88.13697418743628
90,90.5009175930958
91,88.34030338273323
92,90.34108673516282
93,88.09450951430017
94,89.26805857107573
95,89.65483954907856
96,88.63479800296153
97,85.59751147174363
98,90.83978617644627
99,89.46731673093798
100,89.61836957715103
101,89.55237962353179
102,87.87266751352314
103,88.25465681170417
104,89.70474521677333
105,89.9971458421586
106,89.61622861503373
107,87.33564435238537
108,88.5951589165914
109,90.83773130885243
110,91.22648744811926
111,88.63009937346425
112,89.36953698252023
113,87.97391668594562
114,91.02508981845402
115,87.42703231390881
116,88.62905196551309
117,87.77060935164882
118,91.13959180520638
119,88.84452380572587
120,89.28172889333695
121,89.01712523796199
122,88.4154603339567
123,88.47463199268688
124,90.22444087405444
125,88.93554875407034
126,89.3136885643157
127,92.77730536480249
128,90.36669792240716
129,90.96996110190956
130,91.23678720525055
131,89.55177089706783
132,91.87985626695065
133,91.00751649102315
134,89.52006659620936
135,90.51986747617347
136,90.32267826327076
137,90.26488144710987
138,90.83748430998126
139,91.72879168133574
140,91.80102281674215
141,90.29894156601704
142,91.39199503839234
143,90.52716341398735
144,90.0658061031166
145,92.0692538005164
146,90.84521453690058
147,90.6995022357377
148,89.97686644768847
149,90.60908322114959
150,92.05873875852623
151,90.23374349865395
152,90.71011463608599
153,92.55727297356395
154,92.68372703031095
155,91.15843702053535
156,90.88912426105665
157,90.84338501877497
158,90.06134319855886
159,90.53610128792356
160,92.14758298505573
161,91.11307898680369
162,91.85683406372677
163,90.57162411512866
164,90.74347800927498
165,89.45638698172343
166,89.77871096738704
167,92.11352012395231
168,90.17180508674181
169,91.02057040236596
170,88.2289763448611
171,91.7482280454004
172,90.4744071548117
173,89.42995919150373
174,92.05933956535812
175,89.83889633987005
176,91.01470381518435
177,89.15832553516513
178,90.7630391852463
179,91.87501127732799
180,91.497168928903
181,90.74262830453826
182,91.74362456803559
183,92.33376331860173
184,91.46333811567185
185,90.79395373976618
186,90.10257896950898
187,91.55398354371388
188,91.00660144072852
189,92.0739768652517
190,91.87630398626405
191,91.76551257524649
192,91.70893221883874
193,92.27828716666829
194,92.42673670666589
195,90.03184247048068
196,91.62596305240591
197,92.135831979474
198,91.49732975765156
199,91.54847508681243
200,92.10151671956436
201,90.44476525816494
202,92.38925672091283
203,91.84315913060854
204,91.21289240837098
205,91.84975203586326
206,90.5772940924872
207,91.55298149019558
208,91.89580852226615
209,92.38150072035432
210,92.2803088347117
211,90.7761075205126
212,91.54199770271762
213,92.18123712495635
214,91.5857350144627
215,89.8624069750977
216,91.74073141573791
217,92.04307586669921
218,92.53387503287037
219,91.17278939716554
220,92.61346657378658
221,91.4350211476477
222,91.2327325734375
223,92.84730860290027
224,91.15001391413205
225,92.42148530164071
226,92.18488458603387
227,93.33589240892663
228,92.44351988577283
229,92.25288737651698
230,91.88491308731267
231,91.79083219492408
232,91.19341934376651
233,91.94322950570883
234,91.33331080701062
235,92.37304262569035
236,91.68255761178015
237,91.87995877625947
238,91.56331405270544
239,92.08057620980895
240,92.86527312845067
241,92.89508861360899
242,91.48937492241306
243,91.76421267040583
244,91.01570110409828
245,93.24650619581666
246,91.98653918137512
247,91.40034547212473
248,92.30522327534965
249,90.81744778015947
250,89.90580171267192
251,92.3050576316425
252,93.10129603170348
253,89.56181542697801
254,91.56755652168432
255,90.24145479753672
256,91.62427360124676
257,91.63757210419642
258,91.70439754288438
259,92.0570788275385
260,91.58408492441691
261,91.43035108048991
262,92.32599318981171
263,91.6312903191268
264,90.12127422027005
265,91.84686105623967
266,91.97088987281406
267,92.3835474015079
268,92.14309441244608
269,92.79966597672518
270,93.32005493685017
271,93.09422502693076
272,93.04978317876707
273,93.52714680379464
274,91.24366427187408
275,92.33615135344712
276,92.82612179912587
277,93.40246078353472
278,91.2525792720602
279,90.23728210222735
280,91.25787211062082
281,92.16383586822367
282,90.97821551775905
283,92.30673733122737
284,92.84386999566559
285,91.33865442955064
286,92.15652028871342
287,90.65152484651252
288,92.5643231613731
289,92.55374680665305
290,92.2497171710192
291,91.68517718032635
292,93.38138851016733
293,91.65676357043746
294,91.28264038199724
295,93.0668455671918
296,92.57636702495019
297,93.53248965791981
298,93.34323117046966
299,93.25743945666393
300,92.07664864262554
301,91.76036833600747
302,92.35035750900968
303,92.11401303653066
304,93.12791490467369
305,90.99690073716334
306,92.50272102292543
307,92.80435994615635
308,92.04609079437923
309,91.19255027704028
310,92.45072262656986
311,91.89824913254088
312,92.47844375436229
313,92.89615300084093
314,92.06437107721965
315,92.49473457674469
316,88.93929878813302
317,92.45396362224007
318,93.54375123042078
319,92.50616139636288
320,91.97638233944008
321,93.81129926859752
322,91.80492574578204
323,92.94107024404866
324,93.33813136379261
325,92.79426570430451
326,93.40553707169613
327,93.12726874933931
328,92.33734022395406
329,93.1730632284001
330,92.19178468553778
331,92.28294871489207
332,92.28311904211903
333,92.45407028534395
334,92.28106509759417
335,92.84881096697063
336,92.83265999384055
337,92.47658382972287
338,91.79941266657615
339,92.86950694097587
340,92.82493212425209
341,93.53346499265105
342,92.30946316501853
343,93.00839025141433
344,91.57020615736643
345,90.65214420636495
346,91.8861887637208
347,91.81724292667035
348,93.10384861793688
349,92.83240921728273
350,91.7773097328057
351,91.93218455646466
352,93.04483654890318
353,90.16878043103179
354,91.6537069939596
355,90.80429251836414
356,92.55928983826868
357,91.98878858409593
358,91.96872490333608
359,91.8902565237289
360,92.36960588502407
361,92.89319507811847
362,93.07172062060182
363,91.62560253557605
364,92.38501831686897
365,93.03758340588632
366,92.92366967935506
367,91.93140130758306
368,91.66412163534967
369,92.37808889598269
370,92.52158147493998
371,91.53927983429594
372,91.94611903628686
373,93.67054156740188
374,91.84721558300113
375,92.53453227925175
376,92.14225725024427
377,93.92526360953981
378,91.97627137454208
379,93.60762175208649
380,94.128455164537
381,93.33355050488804
382,92.43272673563712
383,93.18117005701727
384,92.9106527159524
385,93.23810163458684
386,93.19956940849518
387,92.87131373835699
388,91.46892450261021
389,92.35669300582569
390,92.29375448966735
391,92.41972558891202
392,92.68049949814373
393,92.32357792765488
394,92.85556676028003
395,92.96069906183928
396,92.01439868802247
397,92.16825858597232
398,92.06171757909819
399,92.0471686442693
400,91.60909642838187
401,92.14045479841506
402,92.92976977307406
403,92.66890087785262
404,92.1580993799677
405,92.79109794236246
406,91.929488375486
407,93.20378635098476
408,93.58575814267952
409,93.55664998987204
410,92.285088113233
411,93.37747718705434
412,93.47459951508748
413,93.3435377320878
414,93.53361431916744
415,92.54894546012807
416,93.29014959311493
417,93.92253969666903
418,93.03264174128206
419,93.12089109194311
420,92.92320866247734
421,93.09157338866882
422,93.03015731488544
423,93.37814467235866
424,93.24943135220899
425,93.7860407725754
426,92.7665824364071
427,93.4012522504339
428,90.95653384127826
429,92.30922905221531
430,92.47402227326812
431,93.3428684335389
432,92.98850163633077
433,93.18391119023396
434,91.7486309284383
435,92.92529104042642
436,93.00426382865594
437,93.57656692252539
438,92.32967102089358
439,93.39144730830691
440,92.13308267411638
441,92.52918718658111
442,93.05517844967709
443,92.46823244043225
444,92.84158041380456
445,92.70255660822343
446,92.22846910405178
447,92.89590788451464
448,92.00705841527869
449,91.25649357221276
450,92.7876385440854
451,92.62980429967244
452,91.09803718052386
453,92.55358658572054
454,92.64550581417855
455,92.15031525029853
456,92.842942337742
457,92.88335755459873
458,93.37147330348283
459,92.46085343582396
460,91.87278227925252
461,92.01109906832377
462,93.01953887246691
463,91.91950058550495
464,92.73648738105202
465,91.82033912015257
466,92.58305672780263
467,92.29735790562322
468,91.73478613920544
469,91.95446183478464
470,93.16399453323801
471,92.57555761805251
472,93.89915707702491
473,92.18266796937465
474,93.72647766118143
475,93.29600016865109
476,93.70782737061872
477,93.77020659886874
478,93.01559954270172
479,91.88397528070487
480,93.60979636965293
481,92.92597228475309
482,92.05473947522306
483,92.43000112765118
484,91.78108097843788
485,92.9283233858232
486,92.12564731570725
487,90.95519183982441
488,93.38016629905644
489,92.91924958920784
490,93.04208396643858
491,92.97281789740285
492,92.88529747806656
493,91.87731280962626
494,92.42507630725653
495,92.45985674707345
496,91.64438805636257
497,92.90651732925963
498,92.64840607095694
499,92.87039934953516
500,92.33224200215453
501,92.70677460366606
502,92.11957528723356
503,92.25299757738527
504,92.3241034069138
505,93.647489841543
506,91.34666284060357
507,91.45985293556296
508,91.66966405175559
509,92.43181594003758
510,93.2225174569489
511,92.0038162545393
512,93.22563962865341
513,93.47345172120504
514,93.59358626908427
515,92.72046015270921
516,92.45270575474034
517,92.95020599170395
518,92.5913389523824
519,93.22509754316201
520,92.83293016043271
521,92.24500023905945
522,93.1663630317809
523,92.08387920935385
524,92.71419811296488
525,93.20624481942926
526,92.64186572801349
527,92.23900770742829
528,93.06730846830567
529,93.20517997352988
530,93.9870738865148
531,93.28075382183093
532,93.760509787564
533,93.69988323339409
534,92.83429330074576
535,92.40923892902593
536,93.48511049150878
537,93.42210255641855
538,93.24636673414534
539,92.90194359467716
540,93.24008993918977
541,93.20173528503857
542,91.9396300766335
543,92.06598494970567
544,91.64403658464535
545,93.14608982852494
546,93.78340430810195
547,93.09853502366225
548,93.11863248918355
549,92.78193759799639
550,93.75973171622509
551,93.53272296171922
552,91.90232886959677
553,92.6292254524543
554,93.36508902618834
555,91.78151406999656
556,92.7117255875724
557,92.25359198529596
558,90.73648775097386
559,93.03311038071837
560,92.93579754145847
561,92.43497211555086
562,91.97861161795743
563,93.53344193600446
564,93.17216809614253
565,92.55102068817469
566,92.82364869366826
567,91.65422791032863
568,93.34347916022269
569,93.44893659794532
570,92.27483911756221
571,92.61380773880781
572,90.93492376962922
573,92.88503347284825
574,93.43253395498539
575,92.47113457857448
576,93.21039599447182
577,92.33754342290236
578,92.98740505356785
579,92.96771420133403
580,91.5294612045876
581,90.78030269804557
582,93.1328118670649
583,92.74867283503214
584,93.42662566904471
585,91.8450007940046
586,92.0462730934436
587,92.99099514267449
588,92.40989505960363
589,91.53015388329824
590,91.40792536967636
591,91.91302142445205
592,93.31453409296263
593,93.01169903955143
594,90.96917804280291
595,91.74397004383015
596,93.74375235567146
597,91.98314640737472
598,92.98905196254232
599,93.3018024937729
600,92.0641052802396
601,92.968920357427
602,91.90534860955384
603,92.72125580900885
604,92.77236551125844
605,92.34859119652229
606,92.12211241223909
607,92.34471602612476
608,93.54341561657063
609,92.48296597371142
610,92.05944711208555
611,92.22268304063311
612,92.91897109245839
613,92.62257070649191
614,92.1369806275546
615,92.10612784222273
616,91.68150758128553
617,92.46252738299556
618,93.032434302139
619,91.68012305455838
620,92.98377308290328
621,89.84641309795028
622,92.45999462106757
623,92.05864398036898
624,91.2794895511986
625,92.99102390950657
626,91.40413099280686
627,92.24683771076187
628,93.14689996972128
629,92.37295429726743
630,92.49815009164271
631,92.671195176136
632,91.90241115055339
633,92.51586700270573
634,92.9478098877747
635,92.1394937325172
636,92.88912640527995
637,92.60509598373785
638,92.82437336453472
639,92.5348039414266
640,92.70679336266373
641,93.75507159177381
642,91.77309200632205
643,91.7222325700779
644,92.75657565562565
645,91.24548664133698
646,92.04772931165849
647,91.83392218271891
648,91.92072853323661
649,92.17865720982418
650,92.01012101727339
651,92.40767950069593
652,92.73353817897107
653,93.10402184594042
654,92.18237118082077
655,92.15260974644647
656,93.3989750779826
657,91.73636682555836
658,92.80657321081485
659,90.13663379111169
660,90.80808682175889
661,91.82013388186193
662,91.78403236067052
663,92.18040955584617
664,92.77636944011476
665,92.05870165260154
666,92.94175997612837
667,92.94984967858605
668,91.36639756454335
669,91.54895639477425
670,92.16588990548628
671,92.04883855427747
672,90.34505564053853
673,92.40556571661682
674,92.34675658578003
675,91.59189621252925
676,91.82407164882228
677,92.55908751261262
678,91.6976567772291
679,91.06065348625184
680,93.01688775190736
681,92.15745207215832
682,92.18406379535628
683,93.15818953114722
684,91.34453705869487
685,91.47001756569573
686,93.27523705127962
687,92.00338456518963
688,92.14895337507001
689,92.34519914271752
690,93.11149280616658
691,93.14750822983052
692,92.98443175691817
693,92.88057060196702
694,92.84172756109989
695,91.59896632652713
696,92.76198255203957
697,93.08489354829258
698,92.59022231522538
699,92.2366977223737
700,93.26427969024566
701,93.40156927370417
702,92.88377728923957
703,92.29833663679801
704,93.26973314840534
705,92.85994964925855
706,91.9509853002738
707,91.72753622797562
708,92.73522197615563
709,92.27767681585283
710,91.79128381412876
711,91.45232768469782
712,92.17113116570813
713,92.23923502321401
714,93.53290870496596
715,92.12270927478241
716,91.63927177733962
717,90.59669236094736
718,92.58992097802364
719,91.53426282087962
720,92.08007363324332
721,91.59572211333504
722,93.13912897450061
723,89.3719522958552
724,91.71636542906667
725,92.49810659608872
726,92.9009420215611
727,91.34313141217125
728,92.95864680938473
729,92.97216306069178
730,93.11748947698402
731,92.0268620077769
732,89.27546443542356
733,91.54237869749137
734,92.78984346291777
735,90.93763512668993
736,91.51935990465537
737,92.00992317860207
738,93.32043065169282
739,92.83625284020563
740,91.66237309051638
741,92.83517989078165
742,93.35422411055679
743,91.96326545191651
744,91.73234181445565
745,91.83746159647261
746,91.1355898504093
747,91.77654019616102
748,90.46820782748166
749,92.95727612177531
750,91.18030840124243
751,91.54408050070934
752,90.354344040243
753,91.57573385851913
754,91.68844318389893
755,91.32311736860729
756,92.55980427872306
757,92.53905479272207
758,90.92966301571391
759,91.91449047590658
760,89.18593577674277
761,92.33896231343738
762,92.45182510904941
763,91.98598084496737
764,91.53433444091377
765,92.21798351815595
766,91.8857902083099
767,93.33354847245819
768,92.15998375803775
769,91.23700463699213
770,92.65935885873913
771,91.88451306278905
772,91.68097882944416
773,91.35016045241488
774,89.53653079244062
775,92.2544197376929
776,92.51991376227959
777,91.2351767058541
778,91.61823443582286
779,92.65455615698616
780,92.9012607785749
781,92.22040482541217
782,92.807162294767
783,91.09059489183407
784,92.80824070265653
785,92.09061889930432
786,92.43358363368144
787,92.17683423410577
788,93.87790781607994
789,93.0728916377893
790,93.49420840008825
791,92.92339039874382
792,92.8596682633873
793,93.38905844986814
794,93.36853356366767
795,92.03251851779893
796,92.1008873560049
797,92.00677357053213
798,91.49356438129897
799,92.1737109918022
800,91.91774902417389
801,93.05279583123905
802,91.28806284231266
803,91.95656215360852
804,91.80119010411703
805,91.27181524923462
806,92.25774243493969
807,91.70198618930121
808,92.64179150429915
809,91.22393854552121
810,92.73481367945591
811,90.52275080039578
812,91.88256090156145
813,90.70291947872165
814,89.24602897155137
815,93.83785320993704
816,90.54602226593428
817,92.32438667494156
818,92.93450528661538
819,91.3415122574412
820,91.43542018532698
821,92.09588829457616
822,90.76121112139379
823,92.32499145474125
824,91.55093672786441
825,91.5954404623579
826,92.03502818051653
827,91.15850095891727
828,92.36924299921125
829,91.66651600431322
830,92.98441579599397
831,92.28333629289536
832,92.39371758532764
833,91.71734571592678
834,93.64867134851343
835,90.34154907645222
836,91.32036906002763
837,92.10254321300098
838,92.27754811047038
839,93.30842510400464
840,91.59781134391083
841,93.56274817032508
842,92.01807025844013
843,92.75138737061974
844,92.1729454681792
845,91.55245729948125
846,92.45935227061972
847,92.63205149565626
848,92.93212911138633
849,92.48953857646558
850,91.94957155689899
851,91.93621344737863
852,92.36088149365365
853,91.69169644832611
854,91.34943809043766
855,92.30092483510515
856,92.78981357485698
857,92.13726668749678
858,92.42090073547942
859,92.95784275525165
860,92.73198713225867
861,92.61599573030159
862,92.30704330126444
863,92.81815533879863
864,92.11569957472823
865,92.72231725533803
866,91.34609898817833
867,92.86740645282883
868,91.96362100161487
869,92.11283605228378
870,92.56836232065598
871,93.01739382814625
872,91.62886946692105
873,91.29769318408594
874,92.42155270237262
875,92.17261264446613
876,92.51133096919459
877,93.00817154486974
878,93.30624030928968
879,91.43566429673842
880,91.18489297867927
881,92.7053889823779
882,92.14125950727563
883,92.51723876373647
884,92.96858546493377
885,92.72692897256836
886,92.71315629044739
887,91.07312174742376
888,91.67080262184143
889,92.51998974576138
890,92.19635052880699
891,91.48977409374302
892,91.75693522652999
893,93.64657434322505
894,93.40327075311917
895,93.46139510690313
896,92.56749389687195
897,93.05410290403084
898,91.73014969062605
899,93.10536766371
900,92.29084982900675
901,90.90481261844324
902,93.31189420148928
903,91.13129125724096
904,93.15063536106784
905,90.25649820396563
906,93.63555671225429
907,92.38260178404798
908,92.19178942645947
909,91.88190290070023
910,91.79678686909482
911,92.69113615337209
912,92.44005795308102
913,91.36073622021576
914,91.80313206770785
915,92.85520862142494
916,91.71811628579259
917,91.54661487620764
918,91.56716786820637
919,91.64169401623941
920,92.93722181303069
921,91.72753829931683
922,91.77095410532282
923,91.9830305601798
924,91.92855867668283
925,92.35384039869872
926,91.35433193410921
927,92.76114165763421
928,93.14843923226181
929,91.61521991315655
930,90.11705319404602
931,93.06593309437542
932,91.02392822557205
933,92.80651880545331
934,92.02324004829714
935,92.05675243098769
936,91.75836665739973
937,91.52726481232773
938,93.09664638234104
939,91.96656987260263
940,91.19812988023278
941,91.57553267932511
942,92.69299554343435
943,92.8234145474853
944,92.02015221192221
945,92.43197021816073
946,92.75415854139887
947,92.217583742175
948,92.65889101200989
949,92.43609003143679
950,92.25997002751684
951,93.10272588918602
952,92.03103395618157
953,91.65172495705343
954,92.44048088523338
955,91.94114373870799
956,91.5983195506839
957,91.88361279680839
958,91.12958343046814
959,91.02261137474578
960,92.51615289198517
961,93.06815679853256
962,91.58246739854081
963,90.71067655126748
964,92.16703378793304
965,93.09133281962121
966,92.15944071358916
967,89.96982603209533
968,91.69521294767496
969,91.27141765668812
970,90.47576429593309
971,93.55796673118324
972,90.83054333740662
973,91.28188023142181
974,90.53704316550703
975,92.81158980465861
976,90.7814805883607
977,93.55867121463233
978,91.06714375158236
979,92.33531554768702
980,92.89839057347133
981,91.46681515202445
982,93.26309916111806
983,92.7686603780355
984,92.22101284889223
985,92.49629421308641
986,89.49670195345885
987,90.34433966576745
988,90.63980948539492
989,90.2927333905523
990,92.77241171347673
991,92.5817425066206
992,91.1520998341943
993,90.83539619739543
994,91.82879432712109
995,90.98141211930744
996,91.91877948583263
997,92.63858934629472
998,90.77996565307414
999,91.60197009934413
1000,92.99728413252699
1001,92.36927513832042
1002,92.10143588139461
1003,91.6289704311967
1004,91.01276510155512
1005,92.94823628263356
1006,93.02207639810364
1007,93.35876479209406
1008,92.90717088486214
1009,92.71274847538042
1010,91.63114670589405
1011,90.72930993535462
1012,92.25958956889123
1013,93.41125598287641
1014,91.88300858173737
1015,92.26710331111863
1016,92.64108994263833
1017,90.98553634314118
1018,92.86406301299148
1019,92.27509787095923
1020,90.93256416450988
1021,92.36416358324671
1022,91.84035684188194
1023,91.50853616845217
1024,92.73056241837115
1025,91.91689702844465
1026,92.5039672018673
1027,93.20598377351833
1028,91.03303037229584
1029,90.83518000413093
1030,92.91239459420609
1031,90.67803479699407
1032,93.33878827362167
1033,89.47879537949386
1034,92.20238022074699
1035,92.0290842941937
1036,92.66657627628433
1037,91.43215689844175
1038,91.82250659382903
1039,91.48127361252209
1040,92.93609735992544
1041,91.21781390666962
1042,91.91840027706314
1043,93.32171724555394
1044,91.59020348316324
1045,92.06362038771312
1046,92.97520978289685
1047,91.83599517183116
1048,93.03426128097507
1049,92.34972074785448
1050,91.40108158179214
1051,92.84668922124295
1052,92.32584901288301
1053,91.06331953497546
1054,92.45316035227428
1055,92.05015984016023
1056,91.83327984734528
1057,91.69852978836803
1058,93.43534502830275
1059,91.50639725066011
1060,92.00051899859658
1061,92.39357659018486
1062,92.5910573573504
1063,91.70570430887099
1064,91.58916215260824
1065,90.68706354424796
1066,90.03850177005907
1067,91.97408315630436
1068,89.47813265358712
1069,91.75053910826877
1070,91.94811678151576
1071,92.91641668815187
1072,91.08572087518252
1073,91.44350594062561
1074,90.94344182485113
1075,90.02368173476454
1076,92.7262196408513
1077,91.50983092623743
1078,92.00303551607102
1079,92.06311308948177
1080,91.50518578370412
1081,91.80330032984416
1082,91.15767741047152
1083,91.6040483242315
1084,93.41329331479106
1085,92.57895612677275
1086,92.27558677764797
1087,90.67990474494539
1088,91.06015146626298
1089,92.4676887067159
1090,92.15381427489743
1091,91.03345364409515
1092,92.07134746229862
1093,91.780131149296
1094,91.25921854420257
1095,91.98974275135649
1096,90.85407136699187
1097,92.86578918875368
1098,91.09844443050993
1099,91.57101130347166
1100,93.40209394536966
1101,89.94106690752155
1102,91.5513654915025
1103,93.32963562108564
1104,92.18259400407446
1105,92.40898557209565
1106,93.00104444048867
1107,92.04669994646584
1108,92.84084022263559
1109,93.08719168264733
1110,92.73405799693921
1111,92.42705727930219
1112,93.3265825213347
1113,91.4023406117107
1114,92.21104685756151
1115,92.73900217834617
1116,92.63887335071752
1117,93.65109847463724
1118,92.39170598360894
1119,91.66142258990962
1120,93.20949598966797
1121,93.68977609571466
1122,91.91942585602366
1123,92.2235290336609
1124,91.80664619798708
1125,93.0510095139345
1126,91.98692970603892
1127,93.19574143942516
1128,93.65676875396377
1129,92.26899910984592
1130,92.2996833837326
1131,92.84385448963612
1132,91.82871854351612
1133,92.21537023200793
1134,92.83470572320142
1135,92.27169141249516
1136,92.3192198434775
1137,92.58407528656065
1138,93.49526355933422
1139,91.21101248785465
1140,92.00368434392485
1141,91.94887837088234
1142,92.11751208142714
1143,92.66867243238721
1144,92.28625229412206
1145,92.62688431468668
1146,91.48686352493395
1147,92.69102972666423
1148,92.21149487125935
1149,92.55653260083731
1150,91.36557271053924
1151,91.62915990511576
1152,92.3637575815404
1153,92.28095730325195
1154,92.60896547506245
1155,93.1911780419057
1156,93.0376326561314
1157,90.86690173149108
1158,92.50894871349514
1159,92.69724099708078
1160,90.7186381154647
1161,92.23832220264062
1162,93.51998918470333
1163,92.5416476634442
1164,91.9921693940597
1165,92.07355023096389
1166,93.66177007435071
1167,92.39558455036241
1168,91.68200471426047
1169,91.94064782441642
1170,92.85381818876272
1171,92.39774514222889
1172,93.45361418622187
1173,92.17904262453901
1174,93.31243055084946
1175,91.94430878800182
1176,93.03595130023731
1177,91.01578992326
1178,93.82639921068534
1179,93.13487034499879
1180,91.29393378628642
1181,93.84670083637718
1182,93.98761777480814
1183,91.97300691162337
1184,93.49550380665175
1185,92.29977063990644
1186,93.30536641476665
1187,93.32034973012154
1188,93.04113027499587
1189,92.55310757601563
1190,91.97051709113127
1191,93.30582766510632
1192,93.74295687829655
1193,93.37358138151619
1194,92.80903560154144
1195,92.26438184296971
1196,93.03447279312938
1197,92.90620789356129
1198,91.75253941228178
1199,91.4964965833531
1200,92.50093529279228
1201,91.94894226411043
1202,92.95868954263004
1203,91.35004420288607
1204,92.33624169778028
1205,92.90558184264148
1206,92.53600951806703
1207,93.15862715724192
1208,92.8581840192727
1209,92.59050523627866
1210,92.66576538487844
1211,92.57945990713287
1212,92.68815810480766
1213,92.2058613750284
1214,92.76031177927337
1215,92.89053950718707
1216,92.25612141533556
1217,92.00826483900448
1218,91.968000213806
1219,92.14345802750798
1220,93.01635192757827
1221,92.96128139766103
1222,92.31484524316119
1223,90.43302803401862
1224,91.24705250435751
1225,91.86210149544138
1226,92.36152349092742
1227,91.69823458313415
1228,91.02123598789356
1229,92.34052239100139
1230,90.25431065136426
1231,91.42030763560511
1232,92.72223848183692
1233,92.31330989021788
1234,92.67113143318537
1235,91.91663289332035
1236,91.98064152558645
1237,93.00506959813467
1238,93.04462026551184
1239,92.58711537810251
1240,92.02148486143696
1241,91.60363141577407
1242,92.80894257272203
1243,91.6058771746324
1244,91.86323407906482
1245,93.09965052703808
1246,92.15986520174016
1247,92.95997030847242
1248,92.19261782183423
1249,90.4528092678178
1250,92.38471766337486
1251,91.61417309272628
1252,91.02336594453642
1253,92.80873933845719
1254,92.87043885689774
1255,91.1290159702301
1256,91.01935023666616
1257,92.75271430472493
1258,93.1451840292201
1259,91.09707888335976
1260,91.86554197159094
1261,92.05268193534123
1262,92.38240711855522
1263,92.04340112467195
1264,92.32068921362047
1265,90.83904939143113
1266,91.49322953076613
1267,89.56517500116632
1268,90.8684274811201
1269,92.42972992512375
1270,89.1415432105617
1271,91.97640401574546
1272,93.07029824033434
1273,91.29838813594597
1274,91.5633392572403
1275,92.2541681834305
1276,91.34045905070977
1277,92.22677784872266
1278,91.18961545558037
1279,92.16942759639642
1280,91.91830971402251
1281,90.55401507736548
1282,90.82686635056449
1283,92.67936528952517
1284,90.66519955010519
1285,91.83547424251877
1286,92.05717106783446
1287,91.62533500645903
1288,91.53482939267984
1289,92.14070895701221
1290,92.0857671292623
1291,92.4380080193144
1292,92.45754849988349
1293,91.86371097745076
1294,90.62953358143191
1295,92.57260636464297
1296,91.32838438930904
1297,91.62254153907749
1298,89.7160935843204
1299,92.8502711047917
1300,91.24961654345195
1301,91.37175635695597
1302,91.95340739152113
1303,90.81069462682169
1304,92.91287337979927
1305,92.07543794426087
1306,90.93946793755826
1307,91.96934998476179
1308,92.39328982435892
1309,90.86889617179772
1310,91.45724961726008
1311,93.39002102757088
1312,91.60552363945834
1313,90.97213588743101
1314,90.77250587260276
1315,91.68449170160683
1316,93.17864875230417
1317,91.62224196181624
1318,93.50318328327609
1319,91.70506928820379
1320,93.0517413354875
1321,91.31121662839409
1322,92.68031020721381
1323,93.73986116268492
1324,92.75544152481254
1325,92.22292554355263
1326,91.71406213021457
1327,93.0338242231984
1328,92.6142641988905
1329,92.31849924631025
1330,93.47022880559834
1331,90.95577099237249
1332,92.42512106431617
1333,93.22571589818952
1334,92.88219502218735
1335,93.0036483654211
1336,92.35882341896078
1337,92.35261404164744
1338,91.75709408658088
1339,93.29015595480026
1340,93.54386934111751
1341,91.65967145888693
1342,92.72043773071252
1343,93.03176953464214
1344,91.6285970225371
1345,92.95911955106114
1346,92.39593186638076
1347,93.4958961512555
1348,92.48107694972255
1349,93.30448894191481
1350,92.8203222649954
1351,92.69077401946217
1352,92.7063502117709
1353,92.34372514656324
1354,92.14413592164011
1355,91.21622258777096
1356,92.95677212589659
1357,90.88545145150916
1358,92.97823355791344
1359,91.54296124239713
1360,92.85420122783717
1361,91.3954184569638
1362,92.25545611520248
1363,91.63952634304978
1364,92.0936706695527
1365,91.37287682676211
1366,91.64906378177326
1367,92.00057183126007
1368,91.60455144050619
1369,90.82422047615051
1370,92.06959722608151
1371,90.88671848802292
1372,91.87409924998838
1373,92.35861107667287
1374,92.18958854275179
1375,91.7049488208672
1376,91.38294791873554
1377,92.31435476759845
1378,92.79892306717544
1379,91.78979721572176
1380,93.54353788590619
1381,93.07559688877049
1382,93.27435252481138
1383,92.33926114010507
1384,91.72322722113228
1385,92.50963381749342
1386,91.24997681608878
1387,92.95789010019968
1388,92.16222519856773
1389,92.55469461602361
1390,91.87804435013913
1391,92.4061828994751
1392,92.84329645282321
1393,92.80575719200857
1394,92.71144590251367
1395,91.84043384433647
1396,92.35100205830508
1397,93.1691176912899
1398,92.9743985622274
1399,92.75566324179057
1400,92.67268354055122
1401,91.12445420724384
1402,92.5094931286216
1403,93.09175104250915
1404,92.91930655209612
1405,92.58555064346409
1406,93.16622059643603
1407,91.3360667552035
1408,92.72593358563256
1409,92.5138438757929
1410,93.8352400675673
1411,92.45822552669182
1412,93.38377560531727
1413,90.67607717301291
1414,90.57547968715188
1415,91.20040116164495
1416,93.02877728730486
1417,91.83263325365141
1418,90.99684458636331
1419,91.12480296128784
1420,91.12159615002378
1421,91.41144173480157
1422,91.55276490370433
1423,91.92291078458689
1424,91.57814097879428
1425,92.67229434212665
1426,91.7516621708028
1427,92.87170817293375
1428,91.88372454778366
1429,90.78889788434182
1430,91.29025759309128
1431,90.71905895053915
1432,92.0426269488987
1433,91.02018910521068
1434,91.43503494644087
1435,92.06491011843453
1436,90.5900397352204
1437,91.99109078078723
1438,91.99926980628592
1439,91.72165634101503
1440,92.33373938253486
1441,90.89918944994608
1442,92.86370369414313
1443,91.83263617251949
1444,92.42596614610932
1445,90.32875111848725
1446,92.1206452410595
1447,92.65586445641522
1448,89.854937242954
1449,91.80075036089322
1450,92.04887222918086
1451,92.80439313217478
1452,92.37562019813005
1453,91.88420385103838
1454,92.31588303967058
1455,91.89031477810228
1456,91.86856911464552
1457,92.16434086225162
1458,92.73614105588611
1459,92.04259316383998
1460,92.10228021402952
1461,91.19038548811777
1462,92.28894283135732
1463,92.20481878244709
1464,90.55034486041929
1465,92.56597323017012
1466,92.6287327909858
1467,92.8775709141008
1468,92.60825715890181
1469,93.11019467107356
1470,91.43467763406133
1471,93.0492462928118
1472,93.48744794603851
1473,91.87925931936061
1474,91.00876574665445
1475,93.12476495802369
1476,91.65930576915247
1477,89.60421100274367
1478,92.20545303695447
1479,89.49174768319266
1480,92.32087418647065
1481,91.32739569297486
1482,92.43428830345213
1483,92.28333108039304
1484,91.58511973370159
1485,92.3464899819199
1486,91.08202237744128
1487,90.85705576723439
1488,90.69919869620321
1489,92.72313485417395
1490,91.95091380370849
1491,91.80047868569692
1492,92.96025837639651
1493,92.65925205601923
1494,90.80754569530487
1495,91.83362768509032
1496,92.28987797286645
1497,90.44072367708735
1498,91.08926266507005
1499,93.2649404181024
1500,91.12365489631773
1501,92.83092358766874
1502,92.75821976240574
1503,91.84588662616817
1504,92.40650080146563
1505,92.44704534946663
1506,92.47852634906769
1507,93.29453768149037
1508,93.10712423175433
1509,92.5653205936781
1510,92.89939876255161
1511,92.28374383708362
1512,91.42354608563572
1513,92.88125096351045
1514,92.08393380006154
1515,91.75084213377366
1516,90.4653236134847
1517,91.82720259092966
1518,92.29058338974104
1519,92.45632303375417
1520,90.93682833398337
1521,91.75835416634878
1522,91.88115984226911
1523,92.13142349487535
1524,91.9571084364878
1525,92.87197438332818
1526,91.89001789425762
1527,93.21966377122705
1528,92.91062460965374
1529,92.58502595734313
1530,92.0022221808969
1531,92.30728489102688
1532,92.22036916232567
1533,91.1768367316155
1534,92.58314498710963
1535,90.88062355095498
1536,92.30550134421607
1537,92.70791158974983
1538,92.81623154276471
1539,92.5017988447458
1540,90.90131431268799
1541,92.83437268127082
1542,92.35710501851902
1543,92.2824966803528
1544,93.33750143110109
1545,92.3124650400365
1546,92.98016874678441
1547,92.96036581564422
1548,93.04735942300448
1549,92.78194754574284
1550,92.80337500824993
1551,92.090014550139
1552,93.44830000630925
1553,91.99202986357753
1554,92.04152868984416
1555,92.70898741088838
1556,93.13622634883991
1557,92.92730214340938
1558,92.83068501508296
1559,92.93165070665805
1560,92.20528219475231
1561,91.72692173218114
1562,91.76986878422643
1563,92.49185238861278
1564,92.65442879061244
1565,92.9450242135293
1566,92.74733144105124
1567,91.8284864474578
1568,92.63554273961819
1569,92.37360086683955
1570,92.47389009147386
1571,92.56000997191514
1572,91.80608056178079
1573,92.82351295067268
1574,91.51487587405948
1575,92.46770716180238
1576,92.92727377774918
1577,92.36295552965231
1578,92.39588575800548
1579,93.04059331197502
1580,93.4246690842594
1581,92.63291931349296
1582,91.4800507086831
1583,91.17224803050736
1584,92.4841007814684
1585,93.5134826429415
1586,92.0042029318732
1587,91.90267766029811
1588,91.71055595629832
1589,92.04765518188476
1590,92.62611454708538
1591,92.93040340349235
1592,90.98814885656459
1593,91.79229913985225
1594,92.84327416661323
1595,92.70522371868798
1596,92.40750257659708
1597,93.86679963941597
1598,91.6074775809274
1599,91.92349648736415
1600,91.78690684211335
1601,91.94303064286638
1602,90.61917373651553
1603,92.71307586665831
1604,93.3545646548859
1605,92.22644924847407
1606,92.26352252883292
1607,92.00901737478817
1608,92.68940391453316
1609,93.30255399991259
1610,93.54664400921195
1611,93.13665451293298
1612,93.06268608412483
1613,92.02673034602569
1614,93.12100403560429
1615,91.62416253849108
1616,93.50075334830105
1617,92.05900486129805
1618,92.90591755233577
1619,93.5706230110453
1620,92.85247470199397
1621,92.20209985294224
1622,93.61843346452144
1623,93.09252565723907
1624,92.69052351303102
1625,93.34088605460234
1626,92.6614315102054
1627,92.07260554554456
1628,92.32548662877286
1629,92.234265664029
1630,92.24809041940671
1631,93.20387955271701
1632,93.25875774778093
1633,93.31991159081444
1634,92.87813843422578
1635,92.57825912978603
1636,93.16901469185798
1637,93.07107671362483
1638,92.830010299417
1639,92.13042170464455
1640,92.48729574385165
1641,93.60124961591258
1642,92.62672886103756
1643,92.07205012443453
1644,92.06419076754594
1645,93.06383956943334
1646,92.8325646275941
1647,92.77888995389044
1648,93.51027741212111
1649,92.54278613772675
1650,93.15145811816421
1651,93.78673391645594
1652,93.80597881701071
1653,92.55268889990663
1654,91.9920474041241
1655,92.23392419975028
1656,92.9545680585275
1657,93.65939565266495
1658,92.6639596917907
1659,92.26180007512828
1660,91.69927417088455
1661,92.4343841012319
1662,93.4516113715718
1663,89.4484106025426
1664,90.21287740510647
1665,91.8133222315821
1666,93.01802353841214
1667,90.77232231225976
1668,89.58333023977237
1669,92.70142609633709
1670,91.93901167551677
1671,92.53750899761505
1672,92.17643165696131
1673,91.43163355486219
1674,92.20549037036328
1675,90.1927831196682
1676,91.79870465053905
1677,91.25304307351183
1678,92.51534329298916
1679,92.03848709468565
1680,92.51149885025873
1681,93.51535404790307
1682,92.98569000054415
1683,91.56620433707441
1684,92.19192909906613
1685,92.83820355152453
1686,92.84293909783186
1687,91.8249451578138
1688,92.22219516387163
1689,92.82187163256623
1690,92.02557448124502
1691,90.17205002301452
1692,92.68026700384648
1693,92.4479002443756
1694,91.90845100957058
1695,91.74200131160804
1696,91.02723590184804
1697,92.8996761258105
1698,91.90403475393985
1699,89.30100988150281
1700,91.67143001876191
1701,92.3285456924141
1702,91.04497788783209
1703,90.18138171103357
1704,91.02809739835574
1705,91.47351236847324
1706,91.83407391866048
1707,92.08177600532761
1708,91.62156179715126
1709,92.03786638025589
1710,90.71009706180118
1711,91.30983934457393
1712,90.89332846357811
1713,93.14910107210682
1714,91.20186514658116
1715,92.22834522384214
1716,92.3718225238168
1717,91.10692254204385
1718,91.2617843438715
1719,90.99841355099429
1720,92.04204280353491
1721,91.3170172414571
1722,88.55743055841832
1723,89.88077610516365
1724,90.70893111846745
1725,91.4842913768468
1726,91.40559094958917
1727,91.74049347898045
1728,92.1551647345868
1729,93.08092898685706
1730,90.68369846661885
1731,92.91796931614242
1732,93.57437694168044
1733,90.44724007893338
1734,91.23561142201895
1735,92.16762973419485
1736,93.60463038993734
1737,91.12322064776926
1738,91.71763033167683
1739,89.65121742215977
1740,91.76428332782268
1741,90.16184481195823
1742,92.02345025907327
1743,91.46761905844794
1744,90.80017446987102
1745,92.9422274937393
1746,90.78010377692951
1747,92.02649352295842
1748,91.23659722461176
1749,92.5798296771465
1750,92.09687869922622
1751,90.2481773245809
1752,92.44046338636024
1753,90.24706808861936
1754,92.47262895122739
1755,92.01344543926814
1756,91.77707252688404
1757,91.32047352402982
1758,93.18212841091243
1759,92.7352532994722
1760,91.62672486851407
1761,92.11224693775176
1762,93.2130525246052
1763,92.80186129563094
1764,90.42193665030041
1765,92.01629291456881
1766,92.23941078344649
1767,91.85542689974852
1768,91.12906663508346
1769,90.80834016951931
1770,90.04948850366668
1771,91.28050706697748
1772,92.72175292393118
1773,92.43233736684402
1774,92.42700275452354
1775,92.18382933537066
1776,91.93971623016083
1777,91.56897469234038
1778,90.96112233161926
1779,89.99603595899995
1780,89.94488517828961
1781,90.03471955583869
1782,91.55888849406526
1783,89.56442364253716
1784,92.64454387039237
1785,91.92256219443011
1786,91.31138673519305
1787,91.842765011154
1788,92.47498528329132
1789,92.32009817120434
1790,92.33887730463238
1791,91.68913684753457
1792,91.9353249321041
1793,92.16781177661126
1794,91.87112137419292
1795,92.22243076271101
1796,92.78169616613968
1797,90.34082566511566
1798,91.05766390700877
1799,92.10710331855306
1800,92.30952623922582
1801,90.80738608423191
1802,91.8711538338341
1803,91.53037744452503
1804,91.79317445364062
1805,91.80065874478747
1806,91.19886694914001
1807,90.86346046469832
1808,93.32679695075483
1809,92.48506925626889
1810,91.35477768262227
1811,92.80506070298651
1812,91.92712093522923
1813,91.62049473285676
1814,92.03024192318024
1815,92.92857618965476
1816,92.13740920764229
1817,91.22327428865756
1818,92.21424651515848
1819,92.21777189717848
1820,91.85769905036068
1821,93.19960777861296
1822,91.86917997567548
1823,92.13379785958507
1824,92.02843981164618
1825,91.4262877758094
1826,91.63861542934855
1827,91.75493799845377
1828,91.75904273277315
1829,92.40366911598913
1830,91.89287729037521
1831,91.21008562510261
1832,90.32314303051056
1833,92.2733040407006
1834,91.5087830130177
1835,92.06712619281817
1836,93.10856254746375
1837,93.7211912482482
1838,91.06942028490975
1839,92.38359014332912
1840,91.21143436193123
1841,92.68322368716848
1842,91.12227815595125
1843,92.69953103860219
1844,92.05830974589226
1845,91.049017891111
1846,91.69265811538214
1847,91.92044447855059
1848,92.32910240315373
1849,93.33848312888752
1850,92.37765109643492
1851,93.2506511642925
1852,92.3644909044644
1853,91.52310815754747
1854,93.11954014761416
1855,93.27828318023646
1856,92.05454426377045
1857,91.83346711515263
1858,92.84414592633146
1859,93.27001737518702
1860,92.32995776697315
1861,91.55127779820711
1862,91.6279515013893
1863,91.9661691580524
1864,92.46321347217813
1865,91.97630855742462
1866,92.5701036914109
1867,91.99421149995264
1868,92.4886677603925
1869,90.52502620824443
1870,92.82002303012584
1871,91.56886746209526
1872,92.69658198057871
1873,93.48353163451605
1874,92.59848373813044
1875,90.2342209409956
1876,92.24369431825268
1877,91.99946533747305
1878,91.51534412633936
1879,91.13732870690771
1880,92.38602385484026
1881,91.525172659119
1882,92.12448084347062
1883,91.6740860957533
1884,92.6136554362496
1885,93.09914184954008
1886,93.71138665947184
1887,92.80736327243972
1888,92.71805803416761
1889,92.80005239661548
1890,91.78732690421943
1891,91.15101890172231
1892,92.74044519898257
1893,91.57334294647387
1894,91.39562631631891
1895,91.40281886685437
1896,92.21894237378217
1897,93.58499493094318
1898,91.25754279547498
1899,90.95989949517578
1900,91.26812264535639
1901,91.07474644076811
1902,91.8775604466757
1903,92.3388406777737
1904,92.20392656221168
1905,91.70453324649993
1906,91.42520522258151
1907,92.17314065242802
1908,92.37714541563491
1909,92.38253688591965
1910,92.64117026172667
1911,92.22562105654622
1912,91.95384764001135
1913,92.81958597847961
1914,91.23401532444633
1915,93.04653810695721
1916,92.76373428367582
1917,93.05949401496449
1918,91.96611465973614
1919,92.083242380939
1920,91.88618633292174
1921,90.46607709170945
1922,91.5207819797688
1923,90.2943598176858
1924,91.6034454570184
1925,92.57699993217275
1926,90.9412282154785
1927,92.96142109818616
1928,92.61120440782582
1929,91.06609622436179
1930,90.603041569219
1931,90.04227882188842
1932,91.20498120163538
1933,92.47403480789454
1934,91.33362811521916
1935,90.51789387802266
1936,90.68415693285077
1937,91.43804840564728
1938,90.128568942686
1939,91.69260649257599
1940,92.66102587903426
1941,92.63575435498471
1942,92.19546957174937
1943,93.45646414014658
1944,91.7134737398486
1945,92.2917550637943
1946,92.44398990459709
1947,91.74526092652846
1948,91.44889887882877
1949,91.80979214032263
1950,91.94553002621706
1951,90.97966277575554
1952,92.15912168974111
1953,92.11564070253422
1954,90.94755158745686
1955,92.07208757260162
1956,90.44566864298307
1957,92.62005461451501
1958,91.80358749331381
1959,91.17795891415508
1960,92.5743462239844
1961,90.02021885206872
1962,91.13890174388885
1963,91.11887321730477
1964,91.14902433387775
1965,92.40196839955634
1966,90.83699462645679
1967,91.33638230848663
1968,91.04361366991833
1969,92.87529818365847
1970,93.3274415274548
1971,93.04282498557097
1972,93.02732059838371
1973,91.9528544743179
1974,93.16008204908579
1975,91.95593786094284
1976,91.2396413436521
1977,91.72403972739299
1978,92.3392842462685
1979,90.73491379970214
1980,92.74029813500842
1981,92.67990884718017
1982,92.67419078899704
1983,92.99074195795228
1984,93.01514258217053
1985,92.64281969231753
1986,92.94801801758723
1987,92.55988291129731
1988,91.5511521190759
1989,92.4694701191426
1990,91.08766354775777
1991,92.1766560771835
1992,92.49079683512447
1993,92.8793348661899
1994,93.53383247524235
1995,91.07105255344108
1996,92.48456850021536
1997,92.6544961052086
1998,91.92302222128652
1999,92.68811823510387
2000,92.38601294105045
2001,92.10386337742167
2002,92.50640501745282
2003,92.00168223710395
2004,91.56942336903613
2005,91.77398133565599
2006,91.82069552655449
2007,91.912216839441
2008,91.22165962004117
2009,90.16135760307311
2010,89.83866442973307
2011,91.84155695975429
2012,91.46625612281845
2013,90.48724415646043
2014,92.89815871449012
2015,93.45530342416394
2016,91.6660793405255
2017,92.72433425302934
2018,92.59454869843914
2019,91.72290575682894
2020,92.51902401816965
2021,93.1834743707431
2022,93.30034952018005
2023,92.03308689308298
2024,93.3848745356835
2025,91.81157564409648
2026,90.21929072220117
2027,93.4382711195764
2028,92.47695162313339
2029,92.55389434945243
2030,90.85293410281123
2031,90.79117800224418
2032,92.16375029490399
2033,92.26753744977587
2034,93.27472716886169
2035,91.3078280760236
2036,91.39079527408276
2037,92.185273846412
2038,90.35773295177466
2039,91.49549698406624
2040,92.42087913215538
2041,92.2825698971362
2042,91.86135997598699
2043,91.8270871112189
2044,91.65437733145801
2045,92.98145588377592
2046,92.94773880540549
2047,92.90111513826538
2048,92.6146455239557
2049,92.26459980129512
2050,93.23939084512557
2051,93.57228504899818
2052,92.3244412890754
2053,92.71714459516636
2054,92.67584907639973
2055,92.8547605707006
2056,92.62925795392925
2057,92.9901057104927
2058,92.61753782322953
2059,93.26613490340146
2060,93.1817453289032
2061,92.34168158316997
2062,92.40411749087481
2063,93.20690928342229
2064,91.56735694943463
2065,92.72500394248745
2066,92.09737529123056
2067,92.32462714851286
2068,91.40512305855694
2069,92.705651391391
2070,92.23299049715533
2071,92.9619480431898
2072,90.90535010984598
2073,92.711765613407
2074,91.5139143919527
2075,92.96430660391124
2076,92.19082582381176
2077,91.4223131386439
2078,91.45333305379005
2079,92.1585967539339
2080,92.49960592157083
2081,91.56200396366587
2082,92.57504951807334
2083,91.73490260003554
2084,93.02739786948007
2085,93.35406010564502
2086,92.52885242756318
2087,91.30192047376501
2088,92.46796555715596
2089,92.92569813629468
2090,91.27448270249326
2091,90.90952260295278
2092,93.18849759461835
2093,92.02549927065115
2094,91.31533302553106
2095,91.3066935544202
2096,91.65363221609552
2097,92.46973868458734
2098,92.64938042512769
2099,89.78604459998772
2100,91.7749733768175
2101,92.88249554665701
2102,90.762814257661
2103,92.44383122258581
2104,92.68891161808062
2105,92.31762685559443
2106,93.4470247060073
2107,91.55583583036315
2108,92.02524098689386
2109,92.88480308257718
2110,92.70932573711643
2111,92.78830715166161
2112,92.15247861119258
2113,91.51533601254066
2114,92.77144889010837
2115,92.52552476960228
2116,92.70959810518085
2117,91.94576826122953
2118,91.75648419122935
2119,92.75384199285199
2120,92.22211439843227
2121,91.01941639741261
2122,93.10903814948556
2123,92.2275954469045
2124,88.38096144852767
2125,91.1773435620305
2126,91.93440897800899
2127,91.36310932479766
2128,92.72010568440436
2129,93.03422135136921
2130,92.86869854554689
2131,90.72254955598729
2132,91.12347999254862
2133,92.26239233928918
2134,91.99550954182942
2135,92.38458145126673
2136,91.14047804901959
2137,91.46178159787354
2138,92.45262104072137
2139,92.14920209532175
2140,92.53351205810412
2141,91.9048993198393
2142,92.53225202115499
2143,92.00535552936176
2144,91.07270267168681
2145,91.00805664296401
2146,93.53451868577228
2147,93.37232930829596
2148,92.41646119132523
2149,92.69681106007366
2150,92.49154638556674
2151,92.57561571285382
2152,92.29142363893695
2153,91.79108552455902
2154,91.6284417220964
2155,92.15819079897766
2156,92.9780807127865
2157,92.25157812123437
2158,92.46133676793464
2159,91.49996306509645
2160,91.15142740761677
2161,92.35673535721108
2162,91.36957102858331
2163,92.44810091679382
2164,91.9200090370681
2165,91.95223146246002
2166,91.53730385016328
2167,92.87787668243783
2168,90.89914646185532
2169,92.24905178446903
2170,90.98662908611091
2171,92.2965168749934
2172,91.54793424951498
2173,90.9129926952415
2174,92.698070781193
2175,91.22117932166041
2176,92.0482277830039
2177,90.14884283494442
2178,92.58719985160874
2179,91.76437909818516
2180,91.76506965439589
2181,91.31167509763173
2182,93.3327523749529
2183,90.59300104627714
2184,91.10073534471019
2185,90.71213985691139
2186,89.31639522101123
2187,91.29260691081157
2188,88.86536932700157
2189,89.64678912306198
2190,91.51127067955687
2191,91.79041419066579
2192,91.77646896483985
2193,92.7817542734411
2194,92.20554983513614
2195,92.18922460022003
2196,90.24896353944402
2197,92.83019925439774
2198,91.94137178239406
2199,91.78627641366981
2200,92.06754305150424
2201,91.85226990245035
2202,92.64960223586569
2203,91.67400276785365
2204,91.89283829474648
2205,91.95961221238416
2206,92.57359754869104
2207,92.29928821838007
2208,92.79163796946827
2209,92.089900212992
2210,91.40300778651738
2211,90.69692203533805
2212,92.1506044861363
2213,92.810015239255
2214,91.788045801582
2215,92.45362044919659
2216,91.93025091591171
2217,90.45614318719787
2218,90.27765785451301
2219,93.06460997594921
2220,91.9509936636223
2221,91.56909383911851
2222,92.23354386953584
2223,91.04379041312767
2224,91.4018901734201
2225,91.41867468359197
2226,91.02557920409372
2227,91.0433775138855
2228,90.27276842724139
2229,91.32084038928541
2230,90.34015497946247
2231,91.70709473894955
2232,89.55785198971601
2233,91.01494586998975
2234,91.93724135128247
2235,92.18515687194238
2236,92.22025878680812
2237,92.88744280322759
2238,91.04814625587336
2239,91.40822534598306
2240,91.44240911483764
2241,90.46922616849218
2242,91.01024460376914
2243,90.53509322667445
2244,91.21190824570284
2245,92.5063924222548
2246,92.8705527579292
2247,92.51753621120918
2248,91.94879071104923
2249,91.05071705271396
2250,91.91138698285272
2251,91.7094703751742
2252,92.29727863656046
2253,91.16252758812747
2254,91.6552412408893
2255,91.69867554735725
2256,92.16430985717477
2257,91.84356123487989
2258,92.26706702102034
2259,91.60930201459387
2260,91.59871225004086
2261,91.82387828328655
2262,91.44642568583113
2263,93.03508419074656
2264,91.61983978828418
2265,90.7764689873886
2266,92.18839555422466
2267,92.72825137862667
2268,92.41153167211256
2269,92.5961008695617
2270,92.13899787780451
2271,92.58639832016405
2272,91.89697915500476
2273,90.56135425901189
2274,92.52681264453797
2275,92.6245716722485
2276,92.62984930842774
2277,92.38117640189225
2278,92.31435330072455
2279,91.0947819334235
2280,92.50103752336378
2281,93.26123858035031
2282,93.24294408240998
2283,92.51181239421064
2284,91.80559608236767
2285,92.96192908143576
2286,93.06553224181094
2287,92.60959070869562
2288,93.07882485286406
2289,93.32022306798994
2290,92.5239564753876
2291,93.18280872848526
2292,92.14810959351767
2293,93.73466378181325
2294,91.81473684360328
2295,92.06213551503144
2296,91.89983691235402
2297,92.79980142888267
2298,92.51815572314743
2299,93.02373691982544
2300,90.40802317264666
2301,93.13426855024888
2302,92.21417097799107
2303,91.69368789470789
2304,92.93805942663464
2305,92.62233066349141
2306,92.13500982906046
2307,90.76366949796642
2308,92.73752304480948
2309,93.21470344391805
2310,92.24778944575979
2311,93.34920586776484
2312,92.20806341993736
2313,91.80192593025338
2314,92.73000136910889
2315,93.28161697919695
2316,92.37194077284998
2317,92.51804352307607
2318,93.90634726465282
2319,92.55463235426684
2320,91.81579872304994
2321,93.47121617832147
2322,91.91381675231437
2323,91.82652894036549
2324,90.44912140280644
2325,92.42749619801839
2326,91.82723808164977
2327,92.22300858120477
2328,93.24138889965735
2329,92.04895469070381
2330,92.0567179397552
2331,92.58390897344147
2332,93.23693636307584
2333,92.20610541877517
2334,91.7507145155344
2335,92.41374461021661
2336,92.30456175647443
2337,90.89852542205278
2338,92.18729776086565
2339,92.52869819699359
2340,92.66880297661726
2341,92.25011074474115
2342,91.91787438451965
2343,91.26014257272085
2344,92.4332063887561
2345,91.41001332046712
2346,92.0911197407661
2347,92.2181116183792
2348,91.99259137329264
2349,91.29135910764701
2350,91.72805555393994
2351,92.312896944455
2352,90.75334108670553
2353,91.38718557967256
2354,89.44591550911365
2355,93.0265291303222
2356,91.72986549826152
2357,91.98913922677514
2358,91.64795649803303
2359,91.15440008799234
2360,92.32143027156022
2361,92.04933406882246
2362,92.52439413226934
2363,93.19350544554064
2364,90.6107274484388
2365,91.10186862309774
2366,91.95179517146892
2367,89.32141446286408
2368,91.07644811609008
2369,93.01922095889805
2370,92.74694805766471
2371,92.68561089043749
2372,92.25026472408221
2373,89.3742514495563
2374,91.40073523372847
2375,90.96793036440008
2376,90.33071870606791
2377,91.16156550245422
2378,92.9238482239964
2379,91.22393444456945
2380,90.57583951894263
2381,91.88368124485015
2382,92.33133410654786
2383,92.88694913823691
2384,92.14985786116179
2385,91.97141631344243
2386,91.94335358597971
2387,90.93209211634604
2388,91.28368974197888
2389,92.42137254079184
2390,91.7038222653517
2391,91.72846287126643
2392,92.20564453058111
2393,91.05309538175776
2394,91.48269731808006
2395,92.66939121114012
2396,92.46765225942592
2397,92.55888277473736
2398,91.9029512149677
2399,92.26741368435104
2400,93.21495179750899
2401,91.33772554211147
2402,91.31082417446534
2403,92.29182425206547
2404,91.29088433916974
2405,91.4703738641961
2406,91.51503020396422
2407,92.22903208798147
2408,90.36841402900728
2409,89.7257563491161
2410,92.24438705361648
2411,91.55922543880692
2412,90.1501491056572
2413,91.17767929706208
2414,90.9494690637643
2415,91.61604663119353
2416,91.72163005415786
2417,92.20398017370525
2418,92.18082654573061
2419,91.16796436427887
2420,91.9170780363208
2421,92.94038887619803
2422,90.31553400460085
2423,92.59961699309834
2424,93.19067182676336
2425,90.58272801202622
2426,92.14896230886029
2427,90.12597467640695
2428,92.48844248402165
2429,92.23326108776739
2430,91.85440664031373
2431,92.00750699750435
2432,90.53653770715428
2433,92.50506491796874
2434,92.10351849105479
2435,92.13998726479734
2436,92.16052780555742
2437,92.50522954590029
2438,92.0094493625962
2439,92.17233532657605
2440,91.46853954354452
2441,92.57930986493142
2442,90.95622031070498
2443,91.54125456984065
2444,91.53367780986649
2445,91.82827843518541
2446,92.64776136518445
2447,91.96306412674288
2448,89.5812811182663
2449,92.81590041554294
2450,93.62806367757776
2451,91.72767519779664
2452,91.81824492777473
2453,92.8158295300916
2454,91.51124666918656
2455,92.09840133529376
2456,92.46666705308442
2457,91.81089522189227
2458,90.21991351347764
2459,91.99056474889875
2460,89.99842991117002
2461,91.58703276780524
2462,92.23221683728694
2463,91.94634029129787
2464,90.77051018397013
2465,92.88828477766795
2466,92.12681449798502
2467,90.67711444351592
2468,91.7075216672085
2469,91.7650038841015
2470,90.36515861968451
2471,91.77167010542041
2472,90.96696021538912
2473,91.70804549995367
2474,90.6145163319629
2475,91.02134519515904
2476,91.10305231376987
2477,92.02063399849682
2478,90.97958878988834
2479,90.57530982116006
2480,90.63126312891642
2481,91.63217486969151
2482,91.34068381254801
2483,91.23411821931921
2484,91.73937116420674
2485,91.19656528967562
2486,90.84212921139878
2487,89.27916605066724
2488,92.02161664366227
2489,90.60189413250579
2490,91.46933710545468
2491,90.2474086021124
2492,93.3087321611763
2493,91.10074112770376
2494,92.15006741394289
2495,91.22984162171682
2496,91.54590622166353
2497,91.72217514238385
2498,91.57109802109348
2499,91.83899408947002
