0,-9.509032029755014
1,18.032931469784657
2,1.7338887190776724
3,-6.030091881752014
4,-7.279301560975918
5,0.3929900683905805
6,-3.78674085473976
7,0.2339165459392536
8,-7.598072852535636
9,-1.6547245910992157
10,-7.629739059998014
11,14.503557208247281
12,-5.846753595125855
13,1.561313796257159
14,7.704571097546907
15,10.276645998868949
16,1.1527544701099393
17,11.772033817649445
18,21.418886371323197
19,22.575952603184945
20,10.117110627400544
21,8.44243056163779
22,4.415968336893928
23,15.06893223678666
24,20.62359000263956
25,6.244341004688556
26,0.3235959994360087
27,11.126052830763546
28,12.76937102440523
29,12.863345578474735
30,11.312277554146362
31,20.990448502973372
32,34.5155532701325
33,2.076680678244614
34,6.856735146069061
35,9.148954959153702
36,28.819219918937243
37,17.739582003493467
38,6.837404155312331
39,12.353556911253657
40,16.88780520989457
41,17.447669856729533
42,10.781582569535233
43,7.752745596685747
44,0.460256328904876
45,13.337340735570292
46,19.338190572370678
47,7.264763622677933
48,9.43977128645573
49,16.381122217578294
50,6.08536874308376
51,0.9130467379637262
52,28.3510232612406
53,22.248226963457803
54,13.101897152449549
55,22.50193765540542
56,17.329815882042595
57,14.171389403661857
58,24.318750541700624
59,14.411149465186588
60,27.56639841367965
61,23.5810002842169
62,24.314750467201016
63,18.868613031995455
64,9.44486119482491
65,12.930895925140396
66,22.104534541236028
67,1.059514852880124
68,2.1497712683691867
69,31.558845539569138
70,32.17700026669648
71,26.38035965692914
72,22.729123310134568
73,11.441520560557574
74,23.40556563589184
75,32.403909376296255
76,18.29649320254667
77,16.354364970607627
78,9.685954531884956
79,11.334562520551206
80,14.771992483165015
81,8.765819395823726
82,2.8122515722893953
83,3.6774708390235897
84,10.80635890631117
85,29.055416571003725
86,23.9235724374296
87,26.6105422507392
88,37.75734043734491
89,46.92757887513632
90,23.721669717563014
91,35.8868445247607
92,18.393713994234382
93,17.075500233289624
94,33.4809205253014
95,23.39435253313565
96,16.261403129336337
97,31.09632683147359
98,43.91422445376851
99,40.35913658698144
100,35.78572096830706
101,35.992141499538825
102,31.866139121848725
103,21.894209698066387
104,16.460329717218784
105,23.892086744877158
106,21.89780333683131
107,28.922699167681476
108,32.44172604554578
109,37.004724000149025
110,32.28349347310662
111,31.491157554767874
112,27.58461730494816
113,22.193967226850496
114,36.9914113324613
115,33.84199540244208
116,47.53912470805098
117,25.067581090043568
118,19.210335525452862
119,13.321614127179826
120,15.559272636621696
121,20.40134690753068
122,12.103268988480862
123,19.51380943661389
124,28.257865761650933
125,34.351136725184226
126,39.745764687005334
127,41.32754773925319
128,34.459476492143104
129,19.56819617682841
130,28.36496104909341
131,26.810376662681648
132,30.98589099117387
133,36.25815946247038
134,39.62145039127257
135,10.999293788388002
136,18.09557137651296
137,16.65586693114608
138,17.24575812121854
139,14.37136989982114
140,15.645606452105346
141,13.194939017193656
142,24.601995354307014
143,28.49598691488872
144,26.803325080608577
145,16.25265199853085
146,16.20441105415935
147,22.805737954503527
148,16.177466369569142
149,21.554449889052016
150,17.390269144170603
151,16.737271361582962
152,22.660343516742728
153,24.644522759275823
154,16.02264440227283
155,17.43245601918598
156,8.914603216730143
157,9.438552418169584
158,7.459593325198811
159,18.39089336279741
160,14.880372829664209
161,17.11202700136429
162,14.69901935077031
163,28.515306151239926
164,18.78987723354715
165,14.654597879074785
166,17.930132799459745
167,24.59354137977379
168,36.543837300493124
169,18.739828938866467
170,10.50726865257979
171,16.372147952899304
172,19.765823233568767
173,16.527910483711924
174,8.789435930685027
175,14.47629511044083
176,16.197650823605066
177,22.629579078643676
178,14.858813004212584
179,8.470297364405159
180,4.993127961158752
181,18.68335001281165
182,18.13445503646743
183,24.180264041944024
184,14.79040312890394
185,14.268222443015633
186,25.49793149090813
187,27.83979656290321
188,21.787945777120484
189,30.281813898677292
190,21.46223752136865
191,19.368279713076376
192,19.752516222004278
193,18.481862355734947
194,41.44428554290632
195,20.752118639233885
196,20.5341647410811
197,24.607954535878978
198,18.89343203002705
199,18.348784213152385
200,21.982990498846043
201,23.24576857124767
202,8.616658066418658
203,19.372689786819812
204,5.93190929346268
205,19.507797517230983
206,27.38070802493867
207,25.62737352954236
208,20.96614438107264
209,10.19628241018559
210,22.64787444156058
211,12.938586817810654
212,19.596703678768947
213,42.802147471326336
214,29.924126961646742
215,20.89985196855333
216,23.08220699288633
217,28.855045810560355
218,20.70536698400059
219,26.731190589731483
220,18.51352809179658
221,17.695657129173618
222,15.21030722391165
223,26.699608234192823
224,41.78548681819872
225,30.05323928667393
226,16.12955012587831
227,28.395594153527675
228,23.682439243442207
229,17.276632860534107
230,19.658207475144934
231,27.279389343570656
232,18.236428024435234
233,28.02947582906357
234,38.66162708422718
235,25.401444109814175
236,18.330920262830734
237,17.169121133288733
238,20.790126967512663
239,21.930149660489292
240,26.575253964948526
241,33.147641056544835
242,30.79177687351808
243,23.921571757219574
244,23.968264019011947
245,26.155878593347403
246,32.52366804693604
247,25.993952980981355
248,19.473525401907953
249,2.1271380749345052
250,5.3920568846370465
251,27.383885355987225
252,31.502620694902205
253,22.51047338652901
254,3.724847376346588
255,9.124440297984188
256,24.27989831273858
257,16.805144660617415
258,26.12243129181938
259,39.23067235574785
260,30.20714547586391
261,11.306472141025317
262,8.151102764606476
263,8.537526124239314
264,11.084406092704345
265,24.339217205205394
266,27.64157116507749
267,9.508138486788308
268,16.28931724091437
269,23.325481533297697
270,30.917513027967047
271,12.361578388572989
272,24.22488554727708
273,35.27034739189652
274,21.14792317369642
275,30.049754926893446
276,15.483359578213875
277,17.113196748600387
278,15.569376577477296
279,12.960707406366717
280,24.248277232146084
281,7.232135381972656
282,20.09550444944525
283,28.109667014874198
284,28.14919602667909
285,21.593633934834244
286,28.97891560288982
287,4.332723321974168
288,16.216137075084205
289,36.430130314297145
290,18.90237619452317
291,1.3165414838187477
292,28.16973126466518
293,29.281134348798382
294,8.50629930364613
295,14.954983094737559
296,10.513604818531583
297,15.314172119473335
298,29.026176978024367
299,23.76768146341667
300,20.53227198093662
301,20.551812460521234
302,21.700459664026795
303,20.783683375684426
304,20.549464931042408
305,22.15764389752976
306,23.369867016272053
307,15.120134192195875
308,9.030817621687696
309,33.25410382248566
310,41.62586536410499
311,35.0751363881429
312,35.71401003011451
313,14.554783022292003
314,28.987292057733157
315,31.162666588458123
316,26.643708712632858
317,24.489784684375707
318,37.197990182856316
319,27.1537206917736
320,32.07674663402817
321,29.142985190820752
322,11.9155628257775
323,25.6952616903517
324,40.040876161787246
325,34.08925387700398
326,38.67454379236395
327,41.64655933336928
328,24.05448661141155
329,33.311039538758045
330,37.67203223343863
331,12.665424160981571
332,24.075571207208576
333,14.515097580083998
334,38.87355096481056
335,23.166543282253194
336,38.6017357943037
337,32.914799324304354
338,22.41655659117015
339,35.628835634612216
340,24.494888803181432
341,28.32188845588358
342,45.82859562059554
343,24.885213680741835
344,21.57497013326091
345,11.939225552508269
346,35.3746736907959
347,37.11304912359158
348,33.449588349670805
349,39.04856072684654
350,24.961121271883787
351,23.465402840684696
352,45.34057275844016
353,18.705503374240948
354,15.027608983742427
355,14.900075922268686
356,19.44079662421889
357,17.62824170344064
358,29.624217521072282
359,37.42686530666871
360,32.97781636132612
361,42.9119356842102
362,33.47762529522596
363,37.69021953434804
364,28.919665779368252
365,38.3034320003636
366,42.97290099258558
367,26.758640210967272
368,35.09901177127864
369,37.682038220960905
370,36.2942510416258
371,38.07061371295341
372,40.091358391452566
373,38.43225620287
374,46.61796845783811
375,37.51837228932474
376,40.2507863095308
377,24.746634053852546
378,23.99450694352754
379,22.869080042425335
380,22.964548458090242
381,40.296837314508196
382,32.41772601484779
383,20.307347190669198
384,25.361536250544667
385,30.775457097960576
386,39.35892318937513
387,39.843729312057675
388,38.9630370745784
389,44.14588671468529
390,51.901966683824
391,46.69195618063101
392,52.478968183004696
393,37.75009915669759
394,38.310671887995355
395,38.811138693491614
396,37.03719180772297
397,46.66282671127664
398,46.56212775856337
399,41.70324449654578
400,61.049876636687095
401,47.51894110366047
402,53.43184238079428
403,35.05770914350936
404,40.498019426133894
405,50.77291620450628
406,47.91443519909043
407,41.721728196693746
408,35.87556606851748
409,57.885208588915674
410,65.7339145323124
411,41.47759381182983
412,48.65881578049053
413,61.3550439968875
414,48.082027170900695
415,45.10222893171474
416,48.7984387306687
417,44.93723159648248
418,44.97213926940108
419,54.542718341728516
420,45.26186390987552
421,47.542583331680255
422,53.66480067028184
423,44.79094947894875
424,38.60495961851345
425,43.23116774143163
426,43.26820012477759
427,53.553296416117945
428,66.22395543556118
429,45.26595554701639
430,57.97214577417235
431,46.63177303401788
432,40.00707954209968
433,49.67769080708727
434,45.37565210738338
435,38.310658802456324
436,55.061352931730205
437,38.60986822976007
438,49.43574572084103
439,54.710957579619176
440,46.3551101729499
441,46.4648724677663
442,52.34422246205013
443,43.150561400871624
444,37.098546457889654
445,45.3223527798754
446,53.85474592376469
447,43.21474784639147
448,53.42446346721742
449,54.33067155284167
450,55.86247630500793
451,48.043917172749964
452,49.03108561396686
453,48.16820886512236
454,52.35614965596975
455,49.02420694909991
456,49.099224148189194
457,58.11650967968894
458,45.371873280025454
459,50.99522501665522
460,59.28535952224038
461,61.8634237532422
462,51.76294415762106
463,55.43255368635356
464,57.73182076524786
465,63.820995496008784
466,60.62326394078733
467,56.714439060147726
468,48.85309464676095
469,61.95994012962112
470,57.51879818593864
471,55.35775702993726
472,48.068884317950825
473,54.35516043828552
474,68.1438715628938
475,69.90951173469068
476,59.637456048433776
477,56.659633181838814
478,63.933129203094666
479,69.64783339399614
480,65.39249936199188
481,69.8970111186118
482,61.986229483895265
483,42.801172907438506
484,53.560061887122025
485,55.751614679151956
486,60.98937756231472
487,59.60174798132191
488,71.81343145655534
489,74.16836399152301
490,67.93840871294616
491,63.83032541331119
492,58.04033584714354
493,65.07191068239642
494,71.03962303852268
495,72.56256253350757
496,68.83296620786312
497,72.56307883840616
498,68.61625320434192
499,66.0763482315026
500,73.43128667225031
501,64.64855215936096
502,67.84470276305012
503,71.8468724517679
504,73.79846812681718
505,73.29553510183942
506,77.86308545085731
507,77.308930311203
508,68.93285522319172
509,65.81168222992137
510,73.45929413617891
511,71.18963892454472
512,71.85723544836586
513,73.79714254961662
514,74.22674742178901
515,71.46177743547696
516,74.11670638090305
517,76.3817021404799
518,76.60283574299692
519,80.79056445039747
520,83.89340254566288
521,80.72216206673879
522,76.721928937068
523,77.53334433351317
524,71.92490758018882
525,71.54691107186424
526,75.43750997286276
527,81.12814790595661
528,77.33128856571282
529,75.37923228936093
530,79.46202184832573
531,79.65076333853206
532,80.11541805096482
533,80.82411768373471
534,78.32283972140182
535,79.47726717185901
536,77.5366318369962
537,64.95129487375185
538,67.93646859254014
539,73.15072585908696
540,72.5373342451895
541,70.36680282854586
542,67.04195184902322
543,70.51371733988557
544,80.8625023094006
545,76.43689927064547
546,82.87923769673296
547,82.15509758006367
548,77.90570878852405
549,70.74719424697388
550,84.94558347868
551,80.60775950007817
552,83.06034239586657
553,80.95803324435458
554,76.34911810179594
555,75.05476060000333
556,83.70737318542606
557,82.96781220118204
558,81.31138945695461
559,81.43309526315721
560,80.04199729474007
561,80.97467044615786
562,78.28222561531602
563,66.17041262780239
564,68.7764827125489
565,80.61864704454301
566,77.74204310375313
567,81.7979114655715
568,77.01921443918835
569,79.34107505354655
570,82.91503945081031
571,79.93129538153661
572,79.87307021496642
573,75.95302247355029
574,76.34570730864326
575,77.56311813248492
576,79.20838931190674
577,73.69435930184449
578,79.12523572569961
579,81.95217947041994
580,80.71148958103535
581,71.62155256752207
582,81.24425926633253
583,78.96631201611828
584,79.34284345646319
585,79.8876279832731
586,84.36835058648987
587,83.31631703063205
588,76.76815381264399
589,77.53067539871658
590,81.11341027887968
591,82.18029813289661
592,82.60351063170503
593,81.26471046645212
594,76.26764317522196
595,75.67236066947017
596,73.77134930605756
597,80.94531334771133
598,81.87230308665227
599,82.81739508700134
600,82.74123752969896
601,79.5659816997592
602,83.74725758989652
603,81.39907563180552
604,77.68083336262997
605,78.4820948334876
606,80.21306983623546
607,77.10097296669142
608,81.92231982800642
609,80.60898336405917
610,80.9868302388051
611,82.33869940762844
612,85.58205273609182
613,83.92852867534828
614,81.66223422201037
615,80.9457914264116
616,84.84673641737886
617,87.2473135094737
618,82.02249639366991
619,84.89476002231945
620,84.6532596466315
621,83.53660187265747
622,83.65077355889251
623,78.53870270070834
624,82.29577722972819
625,84.8026652843297
626,78.93162844002839
627,82.08477997570348
628,81.32719408424438
629,81.49523819057634
630,78.08755995788458
631,79.0816997927611
632,82.12415434902825
633,83.79985102300128
634,82.76174622920202
635,81.55942757688888
636,77.49857805153378
637,82.0795550421978
638,83.6833197018778
639,81.07145195930885
640,85.90870416581589
641,82.63595903307784
642,83.17600090699686
643,83.43670062157923
644,81.77072041868348
645,81.98604184046502
646,86.4809044788406
647,83.16452612686882
648,85.1366870585929
649,78.90267901994737
650,85.58038943513033
651,80.9459487317107
652,80.50044283783569
653,81.35404340153532
654,83.77931513515037
655,86.74537512272715
656,82.48966780418077
657,82.16039996342334
658,78.7618566736953
659,85.23286796986129
660,87.24685540034221
661,82.83276554669253
662,78.40402705676851
663,83.51092272252683
664,84.87925989994636
665,78.13233975593542
666,78.03236839174019
667,78.56751932363247
668,82.99534507118538
669,75.41947345313683
670,81.50077041416003
671,83.30676700285989
672,86.19353613523336
673,87.30003843660486
674,84.08444772779617
675,81.10655066261131
676,86.54258743139098
677,87.16291678040734
678,81.64603195138535
679,80.58523708303619
680,81.44759498344509
681,80.3850555970047
682,85.17989439495466
683,86.94958789072966
684,87.13852929573062
685,83.89331920495354
686,80.2604819619807
687,85.23464111694923
688,87.1542487779028
689,85.97575403030102
690,81.08019506825879
691,81.77143187256776
692,84.47439070408161
693,84.12247688721389
694,83.08472877486379
695,85.482506354142
696,86.89193319746352
697,85.8839724615346
698,86.35539450040824
699,86.21677960040212
700,87.39412350592784
701,87.24308103713606
702,79.87847639425657
703,84.74011867265088
704,88.0523200002481
705,87.5732941042105
706,87.09140777676923
707,83.0596643763101
708,84.52368253126492
709,85.35172825792117
710,88.4269479149005
711,85.78331742731476
712,87.2107070505968
713,83.4088445333656
714,85.92711744920241
715,88.11415360443283
716,83.91722902448488
717,83.78023640539664
718,83.69481133307744
719,86.99926168630756
720,87.2071525023856
721,84.46360259736853
722,83.44629665774107
723,82.54906107934774
724,82.06675209859151
725,83.42622281630834
726,84.42685468985944
727,86.07459470384997
728,86.0233091987682
729,86.00854347522572
730,83.35179714072898
731,82.45727459598326
732,86.5927517569854
733,87.5017070661379
734,88.66626099062157
735,84.90383880662806
736,77.38995129064747
737,85.13163033177939
738,83.32910285794314
739,86.37526497790743
740,82.03120185965147
741,85.00604471330873
742,84.27377300541413
743,87.4568753916458
744,83.33337683659053
745,82.27811047275658
746,87.65959068245198
747,87.20483192563351
748,84.64296225914589
749,87.44314530456019
750,85.10845974532275
751,81.69348398426158
752,84.80145541420707
753,87.92655620602459
754,80.42968440335092
755,83.50555997980332
756,82.9968051729696
757,86.0334400165605
758,82.51439814703421
759,79.73568546991764
760,82.57919023740912
761,85.80278514091991
762,86.2869430936999
763,81.14439271247318
764,84.35381560705366
765,82.65975129393682
766,84.22704652842532
767,85.08696902050085
768,84.72829004293617
769,88.2557913782688
770,89.27205914361215
771,87.67488693849556
772,82.6415327631338
773,86.65746746374637
774,87.20721956014633
775,85.76828535971559
776,88.34062060827333
777,87.28336064202577
778,87.04516351441838
779,82.71358898431343
780,86.83961402843069
781,88.34862859583342
782,84.68705876703228
783,84.98525506560439
784,86.08054386985559
785,83.89929164884022
786,87.10207469140417
787,83.53450729344269
788,84.99296315596179
789,86.5452179312754
790,84.70798249883961
791,87.7003148243326
792,84.63101863435493
793,84.3601776525473
794,85.28030236427601
795,85.7457145488445
796,85.1631828028453
797,87.45189009201131
798,85.22177262215888
799,83.17489220032326
800,87.43905943840525
801,85.88370820139345
802,84.710360632
803,84.13709077865249
804,88.55247815741716
805,86.31563186828907
806,88.45886516481482
807,86.33495871799353
808,87.40415967504624
809,88.41005412924514
810,87.29675969750076
811,88.20610654294244
812,86.2901227510753
813,86.67119984528047
814,86.9665109260229
815,88.52397544327587
816,87.17147770276061
817,85.36567776575046
818,85.74652367022104
819,87.54274950245257
820,81.83529615488864
821,86.20380012849587
822,86.78409656899277
823,86.61282833979803
824,87.19490906653384
825,88.57179779989798
826,82.89950502614181
827,87.46068162435888
828,85.45006428849396
829,86.16388329843022
830,86.47951373212462
831,85.9823407987164
832,86.87405318531259
833,83.12453811641194
834,85.3497094554395
835,88.33533898393061
836,88.03819818380424
837,84.45163110710614
838,86.55567449374541
839,88.30162596892215
840,88.20775126838394
841,87.08237298191305
842,87.79846992152535
843,86.69984564400406
844,88.3151340129852
845,85.73025602365742
846,86.11760552451476
847,84.03348345334311
848,85.57561560561933
849,85.64094622401609
850,86.45895675271807
851,83.11925434718702
852,83.94896703957153
853,86.47195566821262
854,88.18585234472864
855,87.1361639804981
856,86.38431991339861
857,84.34167699974425
858,85.00368829025497
859,87.92742459265787
860,88.71501127234416
861,84.88949637043774
862,86.20070270224403
863,79.15248661471672
864,86.37682264096532
865,88.4705870157053
866,87.78091363396153
867,86.75723304400788
868,82.55626358951316
869,84.84833589312166
870,80.85797426011031
871,88.34810578280117
872,81.13305823875447
873,83.81671881023122
874,86.34914430855052
875,87.69578440368377
876,87.89034682722091
877,84.09198853352639
878,84.61705289494299
879,88.2788737221421
880,85.63000351114694
881,86.90544695481881
882,80.29394143889104
883,87.86990847015812
884,86.04878508456466
885,86.46455590366553
886,82.60877961707361
887,88.73158491309287
888,85.00460070403004
889,86.19765909599401
890,83.70377927877267
891,85.83016690447805
892,86.62907401134547
893,87.9785945189049
894,83.48326215674149
895,80.61748667442697
896,86.89241408191774
897,86.57120965993238
898,84.26234045763556
899,86.55911777237993
900,80.98911748216761
901,85.33679949950879
902,87.39507018104253
903,86.07589053600253
904,88.71838527645157
905,86.59483388826125
906,86.39438863372372
907,87.81848381392855
908,82.8617959972201
909,88.70325260654363
910,78.5959489911038
911,84.01830052384614
912,86.47574158536369
913,86.03978149815073
914,82.1343300891113
915,82.16196456816785
916,85.09045544376804
917,74.7536252859023
918,77.89034847792813
919,85.27172999424177
920,87.00377243208936
921,87.27234618935536
922,86.55596105815158
923,83.4486811320555
924,83.2820344932675
925,85.17080641557108
926,82.61064253909949
927,82.51489806419546
928,84.31036452281744
929,85.43934895686625
930,86.44192541384189
931,88.72388906068812
932,85.47908775498655
933,87.64548265843575
934,86.19870814321166
935,88.03040178505965
936,86.54583891072848
937,82.14481843893014
938,85.38941277006565
939,84.56885226771627
940,86.68431742485397
941,87.27988163214323
942,85.8219022965637
943,82.07182604146725
944,88.38343697240731
945,83.94867708306596
946,85.52898442284409
947,85.37890494735052
948,88.79623201448301
949,88.3038755471988
950,89.59741348220119
951,87.19276146919694
952,86.48409434560831
953,86.92861473539791
954,81.62973110867696
955,88.15492811624172
956,86.91740915989331
957,88.00142038087986
958,86.08437315790903
959,85.93894768601265
960,87.55971746683365
961,87.21441326994393
962,86.94791476509106
963,83.44611766060511
964,87.67763798233032
965,87.01929040282619
966,88.17659651777909
967,87.88237802934515
968,86.94148475869282
969,85.63273218604773
970,87.87257915350106
971,86.4843809607868
972,85.80547550488849
973,87.41304746142836
974,86.94578889093722
975,87.89789733052362
976,88.25365441646936
977,87.45781902366808
978,87.99212692133486
979,89.36907871779657
980,87.31507950617828
981,88.08579713828844
982,87.28014256629056
983,84.91342581712283
984,82.58231805814101
985,88.9213244229295
986,89.07798890398894
987,86.74556831229447
988,85.32735035980242
989,85.80751902362154
990,86.41809071504153
991,85.39075493289526
992,81.63307538454147
993,86.53725501516688
994,86.50580376478342
995,87.21949638991386
996,87.36886712702136
997,89.42089817444062
998,87.69877855694747
999,88.79710478823242
1000,88.37189291913283
1001,88.46298352494158
1002,85.93998880269645
1003,88.53393561454055
1004,89.34813269272792
1005,86.2897223684777
1006,87.0933027266248
1007,84.17540288170702
1008,81.80041430523467
1009,85.48875492198883
1010,87.17235132920624
1011,88.35524661498826
1012,84.88669545445221
1013,88.57575003468317
1014,87.84158798219579
1015,84.91622466996265
1016,87.27726128875547
1017,88.45307708556966
1018,82.79733277412758
1019,87.45292614991698
1020,86.64887963033576
1021,84.17852699485938
1022,86.97531232303267
1023,87.84566986526265
1024,86.5361984528479
1025,84.49483326026218
1026,87.99443103954928
1027,86.63749032684241
1028,88.70195335000513
1029,88.85578013892261
1030,86.69155442175924
1031,88.17127250512921
1032,89.26886630347516
1033,83.48279490134023
1034,83.60376502685894
1035,87.88677337613095
1036,89.63962385364655
1037,85.18950226620943
1038,77.43379394618333
1039,87.12264135750483
1040,84.3174651055807
1041,88.10746825621555
1042,87.86866647563028
1043,86.49101189367558
1044,85.01052177960686
1045,87.13414810414477
1046,81.8433210053524
1047,88.32885216810037
1048,87.14229253040102
1049,87.22771294944026
1050,86.55588883985861
1051,88.15216527015306
1052,87.55154107325086
1053,87.39459062521719
1054,86.75889706165984
1055,88.13884878010302
1056,85.49748084437827
1057,87.79249361281924
1058,89.94888748942412
1059,88.75396205360397
1060,87.3698591552223
1061,84.67704583772043
1062,88.78083058400128
1063,84.49910485049679
1064,81.5283360006742
1065,88.78392538438754
1066,88.03161967162481
1067,86.99206522547867
1068,84.11659617835035
1069,86.30996633540201
1070,83.50032758334831
1071,86.43662309496807
1072,88.64431937573147
1073,87.71265229048512
1074,82.49433423118951
1075,84.02017875372874
1076,86.34803757655226
1077,87.15172008019535
1078,85.40250828552072
1079,84.54507995779693
1080,89.4017187409025
1081,88.62833159608698
1082,87.97670627911577
1083,87.60978285905404
1084,88.22314942902548
1085,87.69537290810223
1086,87.55485254213909
1087,86.34393583221808
1088,83.43994955760672
1089,86.36370570100654
1090,86.8705451794753
1091,86.68686940453733
1092,88.67862351934252
1093,86.64098955000874
1094,86.14941190219479
1095,86.40181294666878
1096,83.73887234612549
1097,88.16137668011922
1098,88.77204303566886
1099,89.00794106708582
1100,87.59272648261461
1101,88.91897193414769
1102,88.29601617266862
1103,88.59332786701984
1104,87.77919579129154
1105,86.69967251431278
1106,88.360718338937
1107,87.26186786981546
1108,88.02193617881382
1109,89.4440845728771
1110,85.1745323305014
1111,88.17769891675586
1112,82.50574240361934
1113,86.60289743233501
1114,89.29557453887853
1115,81.7617403626391
1116,87.38994313256386
1117,88.0303182295078
1118,86.93094894301872
1119,87.5478516017943
1120,89.61884071207919
1121,89.24775382863791
1122,85.18767869471564
1123,88.85721850769909
1124,89.31744547120913
1125,85.66480098978941
1126,85.45238207569199
1127,86.6933319469511
1128,86.38347488268774
1129,86.00240127178796
1130,88.02599944596692
1131,87.15851594552043
1132,86.29182877870707
1133,89.31601785941172
1134,85.61841805304341
1135,87.20164780398892
1136,87.87827903288152
1137,87.32232818397277
1138,87.17457299260451
1139,88.11841424286511
1140,88.70382966895531
1141,87.18067211856754
1142,87.60171211899153
1143,86.9251360196461
1144,87.88422441187267
1145,88.12626515218513
1146,88.4143781420321
1147,87.430430763017
1148,86.3088047994174
1149,84.74178768070142
1150,89.08950401217159
1151,88.80712650010116
1150,87.44942150588244
1151,86.6356644643484
1152,88.36972115617532
1153,88.18074809595286
1154,80.1309287407573
1155,81.04695322253585
1156,85.81862283737205
1157,86.31926495302558
1158,88.54492118874116
1159,86.27957722841454
1160,82.53258806719552
1161,88.21157000085847
1162,88.51369221846582
1163,87.33261118227558
1164,87.8365790992895
1165,90.84112718382222
1166,89.64919446759396
1167,85.23052115531729
1168,85.52700804815306
1169,86.62860985237447
1170,86.96460094485832
1171,82.87908834434282
1172,87.55457433270203
1173,86.7254632864884
1174,83.84370052625299
1175,88.63177844377549
1176,88.03163255532166
1177,87.00774672777929
1178,86.63759141055148
1179,86.51694112123847
1180,90.08606965425052
1181,83.26518473419021
1182,85.23462721928625
1183,87.7895708232548
1184,86.17241621524246
1185,87.88803527461735
1186,85.4391271012014
1187,88.30427142500878
1188,89.29132945787737
1189,84.40951788560506
1190,85.53460152181287
1191,89.36905904094665
1192,89.26208427003027
1193,85.75126623418504
1194,82.74540518431763
1195,85.53868642992599
1196,88.4819978233816
1197,87.01442894994968
1198,87.14762230803788
1199,88.56125858542826
1200,89.47422150632275
1201,85.5893190630675
1202,86.50507489277079
1203,87.37853361955953
1204,79.19879929476062
1205,81.2403609520636
1206,88.39061198418581
1207,88.68410689420553
1208,87.1672362286829
1209,89.80225415485486
1210,82.70089959733875
1211,86.8371737156107
1212,87.69539843773232
1213,85.78089779334243
1214,82.46264590486307
1215,82.14711774050048
1216,85.9106473540094
1217,87.5379621777517
1218,88.58788873325675
1219,86.40385559621716
1220,87.629187783274
1221,87.88529259300996
1222,87.81447305060559
1223,85.98423638242281
1224,84.27147224935715
1225,80.07347629937486
1226,82.26274273255416
1227,82.52173938624368
1228,87.17478158713597
1229,82.22880074368338
1230,86.41528154393252
1231,87.87857075348757
1232,83.53090675516941
1233,87.8856740473096
1234,87.81624797332859
1235,88.47372311585391
1236,86.8686174016933
1237,84.03243228179369
1238,89.55202910558958
1239,83.87371405727657
1240,82.1358156594988
1241,87.85397623096345
1242,81.5773676665134
1243,86.21936993102132
1244,88.24602797609802
1245,86.21771628556206
1246,84.59794533656193
1247,85.91393936434181
1248,83.71992879662135
1249,83.29899864772993
1250,89.62061595541113
1251,89.3707341648689
1252,86.65491833394242
1253,85.67032843302441
1254,87.87189239978572
1255,88.15963006715386
1256,83.48082428770968
1257,89.22996768545849
1258,86.59494098037098
1259,86.41068683813683
1260,89.0986028740644
1261,86.55234873587784
1262,84.07517712789117
1263,89.74967549751015
1264,88.28319787278329
1265,85.91963614573845
1266,88.49607096304413
1267,87.69454207593724
1268,88.61181654181433
1269,85.45342793233236
1270,85.51640694769522
1271,88.8265423329616
1272,83.18240674159527
1273,88.41346526609038
1274,83.75961290608124
1275,82.25880059467438
1276,88.30424827070107
1277,89.9431645359294
1278,90.07675383892985
1279,88.34334962101572
1280,88.42491513318582
1281,85.63100097234235
1282,88.6372264601521
1283,87.58128987157258
1284,87.89747955522701
1285,87.09525039656722
1286,84.64691259797884
1287,87.4804392089947
1288,87.99319159822456
1289,88.96642325529686
1290,85.72159836553003
1291,87.44682124153125
1292,84.78530112087415
1293,85.19869856905036
1294,88.16163880157228
1295,88.63322723339876
1296,88.19247673030989
1297,89.16157660921156
1298,89.562633318598
1299,87.76973106906217
1300,89.2018405509931
1301,88.73715403877203
1302,84.44241905557526
1303,89.4330339011537
1304,87.88060480250563
1305,88.04165604591714
1306,85.61231474399567
1307,88.32662661435458
1308,86.92560046111878
1309,84.69090320577054
1310,90.11925077207856
1311,87.96249173232786
1312,89.01734549822599
1313,87.81986543937708
1314,87.86900114273676
1315,88.44846366706362
1316,87.96721493417576
1317,87.51497474830342
1318,84.21541477248503
1319,84.42521656097526
1320,80.98079230489839
1321,87.61937333989482
1322,82.53884404925505
1323,87.51151370836526
1324,87.42548705863359
1325,88.31137707406644
1326,86.97863772988173
1327,87.99982188186539
1328,89.2467328590836
1329,88.8362503841962
1330,85.81977242380378
1331,88.57350787040863
1332,86.52182322567914
1333,87.2978627230041
1334,85.90626800163751
1335,87.08721136915187
1336,86.68955371572069
1337,84.82899998163225
1338,83.64069601000227
1339,88.06972538591617
1340,83.91064031087436
1341,88.06993379762943
1342,86.67796964254825
1343,88.14990607062005
1344,87.60108384949051
1345,87.18253551042997
1346,88.62596855147275
1347,88.92851852301214
1348,89.56362043879116
1349,86.30050972659642
1350,87.0357347278901
1351,82.51701455368757
1352,88.14394895830488
1353,87.79807881388437
1354,85.9276753278879
1355,87.05660553792171
1356,83.3353960247724
1357,87.9790041342326
1358,88.7760920578553
1359,86.12415105414723
1360,85.98364270982677
1361,87.18882157473479
1362,89.06359746664606
1363,87.42814805090278
1364,89.67895276298161
1365,87.62274486224119
1366,87.78057821537675
1367,88.30527808622213
1368,88.20795986729512
1369,89.26054622686333
1370,88.66335250210504
1371,88.2366716787936
1372,87.47984087528997
1373,88.78138096157753
1374,84.22383835297497
1375,85.51070709631993
1376,87.46100282862331
1377,86.61464409274124
1378,83.27571491182081
1379,86.6450048741051
1380,84.59862709223674
1381,87.71473435834011
1382,84.84883774282957
1383,88.93501078659494
1384,83.12485116014207
1385,86.99731746211229
1386,88.81099545119068
1387,87.31317556304303
1388,80.1049680697067
1389,86.04829731928454
1390,87.05457462411357
1391,85.98499426249852
1392,88.36564134256297
1393,87.76056368371952
1394,89.23407838108217
1395,88.82744622216094
1396,89.98386302486232
1397,87.853438112875
1398,87.07955446133246
1399,85.01638368113376
1400,82.64039105209022
1401,88.26685359125324
1402,83.68096912896148
1403,85.36280269245539
1404,84.1222938853736
1405,88.42599920025094
1406,86.21464875158011
1407,81.3092563914952
1408,89.25181898595964
1409,88.79168648717666
1410,87.8355783445344
1411,85.90422828241613
1412,84.14289883707293
1413,89.31061207911898
1414,85.14923177891305
1415,86.42575711921694
1416,87.55958874059793
1417,82.89074278717447
1418,88.83012429879479
1419,88.20138804742717
1420,88.7800687888398
1421,89.11300757528116
1422,86.63091952554234
1423,88.78057166205987
1424,88.86776335549467
1425,88.33639987975033
1426,89.47502388500159
1427,87.81267690880837
1428,85.50750388683782
1429,89.19171938857409
1430,89.29665243186581
1431,89.70179541779865
1432,86.59172981634309
1433,88.42768428807292
1434,88.12525359607122
1435,89.50738268750042
1436,88.03733896830227
1437,89.12183146387252
1438,88.09715296835446
1439,85.76934333759579
1440,89.98533214824123
1441,84.72087009658655
1442,87.81262635873813
1443,85.07224373693242
1444,86.65091490323888
1445,86.31305288571578
1446,88.35463894277873
1447,83.75460519655003
1448,84.66056068446903
1449,87.90596721913117
1450,87.3573107492042
1451,87.61720928328823
1452,86.35691472787123
1453,86.23517071873329
1454,85.65533688625393
1455,86.94922226507283
1456,84.54690277294537
1457,87.81000217677492
1458,87.63472179701687
1459,88.94758397168093
1460,88.1900946013356
1461,89.0364372675685
1462,88.64108909918954
1463,89.32442771748272
1464,87.899640037665
1465,87.11708170453545
1466,87.27516997192211
1467,87.96698293346012
1468,84.64064283365994
1469,88.54748615603042
1470,87.10844130688069
1471,84.18883161780143
1472,87.31220241273513
1473,85.45816166848246
1474,88.21414761624486
1475,86.1806123281588
1476,81.33209147208163
1477,89.82573555674094
1478,87.75575383498337
1479,87.36394839265905
1480,85.62362768117465
1481,88.97719506624813
1482,88.12125822544775
1483,89.15228119811708
1484,87.41998594397178
1485,89.59224583338555
1486,88.01496309817507
1487,89.12706641493008
1488,87.41051686861937
1489,85.28870924726316
1490,86.44516138026546
1491,89.3295970259888
1492,85.26338967224926
1493,86.75845682404548
1494,86.51705396986702
1495,88.84645702600479
1496,89.87405787623933
1497,87.50469187241052
1498,83.72013048361063
1499,86.04469083657108
